model,bootstrap_id,rmse
random_forest,0,1.0338611372006177
random_forest,1,0.9497165502242165
random_forest,2,2.7203021416690225
random_forest,3,1.329522607057953
random_forest,4,3.6395853033935106
random_forest,5,2.337945164450017
random_forest,6,3.7318096166603913
random_forest,7,0.910938191561919
random_forest,8,1.1085657042856223
random_forest,9,0.8083358625116753
random_forest,10,2.5337659621675437
random_forest,11,0.998240743452967
random_forest,12,2.5371328929622434
random_forest,13,1.0494213997036639
random_forest,14,2.3627121401933007
random_forest,15,2.5991661972829982
random_forest,16,1.2412381164178619
random_forest,17,2.557837045050704
random_forest,18,3.1607716229427174
random_forest,19,2.676865192125525
random_forest,20,4.004092744535513
random_forest,21,1.3112414416897442
random_forest,22,2.315460544796833
random_forest,23,2.3637684173223072
random_forest,24,3.0072295200665646
random_forest,25,1.1576407014991401
random_forest,26,2.552162386403875
random_forest,27,1.1119008408694289
random_forest,28,2.259033239997212
random_forest,29,2.739097213720851
random_forest,30,2.4165249264901165
random_forest,31,3.1846403999616166
random_forest,32,2.3166228365311072
random_forest,33,2.9821717962072296
random_forest,34,1.7213606176331868
random_forest,35,3.776569688337926
random_forest,36,2.2728006693449916
random_forest,37,1.2012705123381444
random_forest,38,3.0785271262438356
random_forest,39,3.0689904503376937
random_forest,40,1.3794914605986726
random_forest,41,1.282925898554382
random_forest,42,1.5461468951567292
random_forest,43,2.215819517586982
random_forest,44,2.330313526935684
random_forest,45,2.506810903690587
random_forest,46,3.0420912300184724
random_forest,47,2.612254381334682
random_forest,48,2.290920715563902
random_forest,49,1.305770424765134
random_forest,50,1.5357252648595048
random_forest,51,0.9099372204527907
random_forest,52,1.0309964692213884
random_forest,53,1.4329958429195115
random_forest,54,1.4261398768056068
random_forest,55,3.123780766143809
random_forest,56,3.0724214312720557
random_forest,57,3.5940719604286717
random_forest,58,0.7939884231331544
random_forest,59,2.3709136806678184
random_forest,60,1.5391782211554401
random_forest,61,1.6813380237753677
random_forest,62,2.265975293883306
random_forest,63,1.3450121057166728
random_forest,64,0.966243429295838
random_forest,65,2.460691467947533
random_forest,66,2.321987323381916
random_forest,67,1.1456775667259684
random_forest,68,2.3738556884607807
random_forest,69,2.2048760795044724
random_forest,70,1.226591543165991
random_forest,71,0.6792213459475334
random_forest,72,1.4025733069858097
random_forest,73,3.51046271628281
random_forest,74,1.7071308288858305
random_forest,75,2.483237642130066
random_forest,76,0.7940400191135245
random_forest,77,2.412884791727125
random_forest,78,2.339282531547755
random_forest,79,1.5870036265913199
random_forest,80,2.2700698201535787
random_forest,81,0.9788559034984043
random_forest,82,2.260239473265646
random_forest,83,1.1070505065266771
random_forest,84,0.6034720276942598
random_forest,85,2.175853182481667
random_forest,86,0.920843171782011
random_forest,87,2.515566377215017
random_forest,88,1.272395141407648
random_forest,89,3.0802938488616385
random_forest,90,2.2143410270159
random_forest,91,2.4305535854080884
random_forest,92,1.2733743549114824
random_forest,93,3.6736756903722485
random_forest,94,2.285248582451204
random_forest,95,0.9989214763409021
random_forest,96,1.2131503527567151
random_forest,97,1.3425542508568369
random_forest,98,2.500916132304088
random_forest,99,1.4192539008153247
random_forest,100,3.0540895908938395
random_forest,101,1.5324153620723464
random_forest,102,1.1558400701715414
random_forest,103,1.3548897196394174
random_forest,104,1.3696809139640687
random_forest,105,2.1812255124961424
random_forest,106,1.3072768331449833
random_forest,107,3.0701208580678587
random_forest,108,4.195469876210871
random_forest,109,2.746300316913125
random_forest,110,1.25873484928313
random_forest,111,2.462735220850475
random_forest,112,2.930997008704002
random_forest,113,2.506309758707826
random_forest,114,4.298006919705096
random_forest,115,2.7885557167181436
random_forest,116,3.363316929886406
random_forest,117,4.197446536392271
random_forest,118,3.351550193513947
random_forest,119,0.8949667099881307
random_forest,120,2.5984731963856817
random_forest,121,3.2363826439289247
random_forest,122,3.0047562524284106
random_forest,123,2.229579519576056
random_forest,124,0.5208228270512514
random_forest,125,2.2730517605183422
random_forest,126,1.4534063346914545
random_forest,127,3.645391406425322
random_forest,128,2.813912105241628
random_forest,129,0.9538539692504721
random_forest,130,2.45346711174068
random_forest,131,2.479718037053459
random_forest,132,3.0701290842868585
random_forest,133,2.5978203063307
random_forest,134,2.414927759058546
random_forest,135,4.180518902398262
random_forest,136,0.9424987700199352
random_forest,137,4.621071837396275
random_forest,138,1.3198277008889674
random_forest,139,2.4147639718087968
random_forest,140,1.070089483277373
random_forest,141,1.3565695527058874
random_forest,142,1.208295183172261
random_forest,143,1.5147952922271266
random_forest,144,2.32698087441295
random_forest,145,2.1436237307290984
random_forest,146,0.7420383242705004
random_forest,147,1.577624223047411
random_forest,148,3.299969638348519
random_forest,149,3.8465525769729587
random_forest,150,2.318412583537268
random_forest,151,2.5151716036281213
random_forest,152,2.2397757327517254
random_forest,153,1.0932547598643299
random_forest,154,3.380425904651914
random_forest,155,3.7363716694970934
random_forest,156,3.871010367531556
random_forest,157,1.3463004566310044
random_forest,158,2.1291623649910245
random_forest,159,1.476019782260286
random_forest,160,1.4025393856208095
random_forest,161,1.3806810242841485
random_forest,162,1.5113791685379532
random_forest,163,2.492574435782914
random_forest,164,1.5087778994156777
random_forest,165,2.452246296175004
random_forest,166,3.7251393759834937
random_forest,167,1.0922073100059377
random_forest,168,2.5416187912107993
random_forest,169,2.422404125870817
random_forest,170,2.2098244708772063
random_forest,171,1.398259050948429
random_forest,172,1.1342418566431953
random_forest,173,2.9371927318445885
random_forest,174,1.223889185256619
random_forest,175,3.03878782119881
random_forest,176,2.995506402546983
random_forest,177,3.2422291786013084
random_forest,178,2.409743215395509
random_forest,179,2.544635631074842
random_forest,180,2.2217734042443857
random_forest,181,2.6990746919086064
random_forest,182,2.2913613916245352
random_forest,183,1.5894329737907034
random_forest,184,2.2566105490029655
random_forest,185,0.5395471664994436
random_forest,186,3.353953031969471
random_forest,187,2.452832697144487
random_forest,188,2.609832412258907
random_forest,189,2.5818479116703554
random_forest,190,2.0774432154116114
random_forest,191,2.310511819564961
random_forest,192,3.641148935892651
random_forest,193,1.4300243035717315
random_forest,194,3.0986596126862582
random_forest,195,2.5737516160353024
random_forest,196,2.3026902812780463
random_forest,197,0.8938247152007638
random_forest,198,2.2311559676374184
random_forest,199,3.3369075358873324
xgboost,0,1.5078907525190066
xgboost,1,1.7115077641694452
xgboost,2,3.8422916982108872
xgboost,3,3.886156399947316
xgboost,4,2.9986128151683493
xgboost,5,3.3745343659607294
xgboost,6,1.8652959531282187
xgboost,7,2.8435636612185458
xgboost,8,1.868801687831883
xgboost,9,3.016780943450512
xgboost,10,2.908940129584746
xgboost,11,1.4767337997687588
xgboost,12,2.965059423837751
xgboost,13,2.9241578457425725
xgboost,14,2.839914533110789
xgboost,15,1.8310623155969656
xgboost,16,4.01158621762038
xgboost,17,1.0767180834598904
xgboost,18,4.138312354319585
xgboost,19,1.3506302813376971
xgboost,20,4.614187477531388
xgboost,21,5.204014859451886
xgboost,22,2.7912220409700317
xgboost,23,1.3298159339547537
xgboost,24,4.78318263800267
xgboost,25,1.6362887983049859
xgboost,26,4.209093390606224
xgboost,27,3.79429469856962
xgboost,28,4.152229405878839
xgboost,29,4.095861463243661
xgboost,30,3.776152981985797
xgboost,31,4.693780707364116
xgboost,32,1.6511612373461004
xgboost,33,1.6036602690950865
xgboost,34,3.723655685101474
xgboost,35,4.5014734235074405
xgboost,36,2.9426713952585173
xgboost,37,1.3653956176093924
xgboost,38,1.7314019254870106
xgboost,39,5.311733044238686
xgboost,40,3.0049060129770906
xgboost,41,3.3715376417177927
xgboost,42,4.572026658134171
xgboost,43,4.0399253686361085
xgboost,44,4.022402805038109
xgboost,45,3.703351965314007
xgboost,46,3.9704191684805354
xgboost,47,2.6312018854986485
xgboost,48,4.054828954438335
xgboost,49,3.663856186140265
xgboost,50,2.7296269376336935
xgboost,51,2.890647471220049
xgboost,52,2.8132895215209377
xgboost,53,3.9031443057116664
xgboost,54,1.5493388231577305
xgboost,55,3.805302774093635
xgboost,56,2.115680759523789
xgboost,57,3.2883731635932123
xgboost,58,2.8167195725240854
xgboost,59,2.2472132032296055
xgboost,60,2.925033906491148
xgboost,61,3.3142093969003663
xgboost,62,1.2019187257691613
xgboost,63,2.3011843511112913
xgboost,64,0.6679079292340914
xgboost,65,3.2500890608334325
xgboost,66,2.7260283861580032
xgboost,67,3.7148801823976787
xgboost,68,2.837147044954336
xgboost,69,3.0062792625504238
xgboost,70,1.8850284222299252
xgboost,71,1.5802956936741237
xgboost,72,1.7468417007222712
xgboost,73,3.059997604299284
xgboost,74,3.0263775655488816
xgboost,75,0.9419622204211789
xgboost,76,3.849981586735482
xgboost,77,3.122532421791805
xgboost,78,3.2134122763853137
xgboost,79,1.8564714413926475
xgboost,80,3.3295569134662775
xgboost,81,2.5616998818758536
xgboost,82,1.489919944163438
xgboost,83,3.094143706054543
xgboost,84,2.9174998543738844
xgboost,85,1.6035034193594373
xgboost,86,2.9402718072836227
xgboost,87,3.745309652442453
xgboost,88,2.691215621395209
xgboost,89,2.81518206419572
xgboost,90,2.5891473143409156
xgboost,91,4.195582018163795
xgboost,92,3.070475113902097
xgboost,93,3.8711352540567905
xgboost,94,3.95325428713608
xgboost,95,2.738651739198433
xgboost,96,1.067365604264231
xgboost,97,1.2856918761088818
xgboost,98,1.0317615264905668
xgboost,99,4.568165654701841
xgboost,100,2.333516366988253
xgboost,101,3.136531646181355
xgboost,102,4.725199527310104
xgboost,103,3.161085313790468
xgboost,104,4.443672487070823
xgboost,105,1.825745716716942
xgboost,106,1.8048542471372964
xgboost,107,4.406121314361964
xgboost,108,3.182011896381993
xgboost,109,1.56870681448803
xgboost,110,3.834082043840752
xgboost,111,2.968655422277729
xgboost,112,3.0812224286070093
xgboost,113,2.912413958490023
xgboost,114,3.9855436465801626
xgboost,115,4.000155045948349
xgboost,116,3.9557528369623425
xgboost,117,2.8824508580123345
xgboost,118,2.4424666894074996
xgboost,119,2.7223563579948395
xgboost,120,0.9808922319521473
xgboost,121,0.9727863896385632
xgboost,122,3.73159756261423
xgboost,123,1.2000515076033496
xgboost,124,1.8693685804149496
xgboost,125,3.031589115094592
xgboost,126,5.041924426933525
xgboost,127,1.311706984855036
xgboost,128,3.7105890142594515
xgboost,129,2.9312651569386645
xgboost,130,4.563143292572476
xgboost,131,2.7058097399882275
xgboost,132,1.5196017384799794
xgboost,133,0.749284503588866
xgboost,134,4.585236924661138
xgboost,135,3.7735679181246904
xgboost,136,1.3206815073279319
xgboost,137,4.668851752230783
xgboost,138,1.9240627400313437
xgboost,139,4.44157329190123
xgboost,140,1.7050458909254809
xgboost,141,2.8670508529687075
xgboost,142,1.7851349322716634
xgboost,143,3.2560553860699484
xgboost,144,1.3263090917801932
xgboost,145,3.6684598473495735
xgboost,146,1.222615029966884
xgboost,147,3.8619254952861244
xgboost,148,2.911513529996243
xgboost,149,2.982593381796338
xgboost,150,3.2118762021082468
xgboost,151,0.8922326181710446
xgboost,152,2.9982164318844635
xgboost,153,4.80977226301864
xgboost,154,1.6693947513348675
xgboost,155,3.778675580515606
xgboost,156,3.5999855370641747
xgboost,157,2.056627429905669
xgboost,158,2.9366015337639158
xgboost,159,2.8459756383362196
xgboost,160,3.064743375286906
xgboost,161,4.132797149480992
xgboost,162,5.329993320511224
xgboost,163,2.958038560114348
xgboost,164,1.3868011249178906
xgboost,165,2.8112591718173516
xgboost,166,1.5154514744704208
xgboost,167,1.6664058188145616
xgboost,168,1.3861756284661193
xgboost,169,1.8311547807101323
xgboost,170,1.3107807795526438
xgboost,171,2.7293314817766277
xgboost,172,1.447339739666968
xgboost,173,1.9540053619970938
xgboost,174,3.7016604535030306
xgboost,175,1.3146162951189824
xgboost,176,2.8483215284163164
xgboost,177,2.008225283707091
xgboost,178,2.0079974260652182
xgboost,179,3.97928778592303
xgboost,180,1.142287946157101
xgboost,181,3.925813746244214
xgboost,182,3.7182921753812943
xgboost,183,1.9559353179743284
xgboost,184,1.5915531941704715
xgboost,185,3.0674233265216193
xgboost,186,1.4461816112465622
xgboost,187,2.0153781010091927
xgboost,188,1.3106674977474206
xgboost,189,1.074125815745332
xgboost,190,4.153587306667578
xgboost,191,3.110723288983307
xgboost,192,1.243204164752221
xgboost,193,3.760363664708726
xgboost,194,4.8454469645345455
xgboost,195,3.268679969258687
xgboost,196,4.524775433525231
xgboost,197,2.100834800790031
xgboost,198,1.5433227992968568
xgboost,199,1.6249609748045533
