taxon_name,PC1,PC2,PC3,PC4,PC5
Squalus acanthias,4527.200107214753,-2907.7046708160033,1024.7068045586996,-44.639584619087074,-146.71856715932907
Chiloscyllium plagiosum,4527.200107214802,-2907.7046708159455,1024.7068045586407,-44.63958461907994,-146.71856715933373
Scyliorhinus canicula,4527.20010721474,-2907.7046708160224,1024.706804558643,-44.63958461905484,-146.71856715932026
Esox lucius,4408.74512920855,-2906.1186071712946,660.7599276629672,-28.008445006463255,-64.78428352840908
Esox masquinongy,4408.74512920855,-2906.118607171294,660.7599276629663,-28.008445006461873,-64.7842835284068
Oncorhynchus mykiss,4408.74512920855,-2906.118607171294,660.7599276629663,-28.00844500646819,-64.78428352840157
Oncorhynchus tshawytscha,4408.74512920855,-2906.118607171294,660.7599276629663,-28.008445006465305,-64.78428352840488
Oncorhynchus kisutch,4408.74512920855,-2906.118607171294,660.7599276629663,-28.008445006465294,-64.78428352840488
Oncorhynchus nerka,4408.74512920855,-2906.118607171294,660.7599276629663,-28.008445006465294,-64.7842835284049
Salvelinus namaycush,4408.74512920855,-2906.118607171294,660.7599276629663,-28.008445006465294,-64.78428352840488
Salvelinus alpinus,4408.74512920855,-2906.118607171294,660.7599276629663,-28.008445006465294,-64.7842835284049
Salvelinus fontinalis,4408.74512920855,-2906.118607171294,660.7599276629663,-28.008445006465294,-64.7842835284049
Salmo salar,4408.74512920855,-2906.118607171294,660.7599276629663,-28.008445006465294,-64.7842835284049
Thymallus arcticus,4408.74512920855,-2906.118607171294,660.7599276629663,-28.008445006465294,-64.7842835284049
Coregonus sardinella,4408.74512920855,-2906.118607171294,660.7599276629663,-28.008445006465294,-64.7842835284049
Coregonus autumnalis,4408.74512920855,-2906.118607171294,660.7599276629663,-28.008445006465294,-64.7842835284049
Carapus homei,4408.74512920855,-2906.118607171294,660.7599276629663,-28.008445006465294,-64.7842835284049
Lutjanus campechanus,4408.74512920855,-2906.118607171294,660.7599276629663,-28.008445006465294,-64.7842835284049
Rhomboplites aurorubens,4408.74512920855,-2906.118607171294,660.7599276629663,-28.008445006465294,-64.7842835284049
Pomadasys commersonnii,4408.74512920855,-2906.118607171294,660.7599276629663,-28.008445006465294,-64.7842835284049
Sparus aurata,4408.74512920855,-2906.118607171294,660.7599276629663,-28.008445006465294,-64.7842835284049
Diplodus sargus,4408.74512920855,-2906.118607171294,660.7599276629663,-28.008445006465294,-64.7842835284049
Acanthopagrus schlegelii,4408.74512920855,-2906.118607171294,660.7599276629663,-28.008445006465294,-64.7842835284049
Lagodon rhomboides,4408.74512920855,-2906.118607171294,660.7599276629663,-28.008445006465294,-64.7842835284049
Balistes capriscus,4408.74512920855,-2906.118607171294,660.7599276629663,-28.008445006465294,-64.7842835284049
Leiostomus xanthurus,4408.74512920855,-2906.118607171294,660.7599276629663,-28.008445006465294,-64.7842835284049
Dicentrarchus labrax,4408.74512920855,-2906.118607171294,660.7599276629663,-28.008445006465294,-64.7842835284049
Morone saxatilis,4408.74512920855,-2906.118607171294,660.7599276629663,-28.008445006465294,-64.7842835284049
Morone americana,4408.74512920855,-2906.118607171294,660.7599276629663,-28.008445006465294,-64.7842835284049
Tautogolabrus adspersus,4408.74512920855,-2906.118607171294,660.7599276629663,-28.008445006465294,-64.7842835284049
Labrus bergylta,4408.74512920855,-2906.118607171294,660.7599276629663,-28.008445006465294,-64.7842835284049
Kuhlia sandvicensis,4408.74512920855,-2906.118607171294,660.7599276629663,-28.008445006465294,-64.7842835284049
Girella nigricans,4408.74512920855,-2906.118607171294,660.7599276629663,-28.008445006465294,-64.7842835284049
Micropterus salmoides,4408.74512920855,-2906.118607171294,660.7599276629663,-28.008445006465294,-64.7842835284049
Lepomis gibbosus,4408.74512920855,-2906.118607171294,660.7599276629663,-28.008445006465294,-64.7842835284049
Lepomis macrochirus,4408.74512920855,-2906.118607171294,660.7599276629663,-28.008445006465294,-64.7842835284049
Lepomis cyanellus,4408.74512920855,-2906.118607171294,660.7599276629663,-28.008445006465294,-64.7842835284049
Pomoxis annularis,4408.74512920855,-2906.118607171294,660.7599276629663,-28.008445006465294,-64.7842835284049
Percina caprodes,4408.74512920855,-2906.118607171294,660.7599276629663,-28.008445006465294,-64.7842835284049
Sander vitreus,4408.74512920855,-2906.118607171294,660.7599276629663,-28.008445006465294,-64.7842835284049
Sander lucioperca,4408.74512920855,-2906.118607171294,660.7599276629663,-28.008445006465294,-64.7842835284049
Perca fluviatilis,4408.74512920855,-2906.118607171294,660.7599276629663,-28.008445006465294,-64.7842835284049
Sebastolobus altivelis,4408.74512920855,-2906.118607171294,660.7599276629663,-28.008445006465294,-64.7842835284049
Sebastes diploproa,4408.74512920855,-2906.118607171294,660.7599276629663,-28.008445006465294,-64.7842835284049
Scorpaena porcus,4408.74512920855,-2906.118607171294,660.7599276629663,-28.008445006465294,-64.7842835284049
Ophiodon elongatus,4408.74512920855,-2906.118607171294,660.7599276629663,-28.008445006465294,-64.7842835284049
Myoxocephalus octodecemspinosus,4408.74512920855,-2906.118607171294,660.7599276629663,-28.008445006465294,-64.7842835284049
Myoxocephalus scorpius,4408.74512920855,-2906.118607171294,660.7599276629663,-28.008445006465294,-64.7842835284049
Gasterosteus aculeatus,4408.74512920855,-2906.118607171294,660.7599276629663,-28.008445006465294,-64.7842835284049
Spinachia spinachia,4408.74512920855,-2906.118607171294,660.7599276629663,-28.008445006465294,-64.7842835284049
Melanostigma pammelas,4408.74512920855,-2906.118607171294,660.7599276629663,-28.008445006465294,-64.7842835284049
Lycodichthys dearborni,4408.74512920855,-2906.118607171294,660.7599276629663,-28.008445006465294,-64.7842835284049
Zoarces viviparus,4408.74512920855,-2906.118607171294,660.7599276629663,-28.008445006465294,-64.7842835284049
Pseudochaenichthys georgianus,4408.74512920855,-2906.118607171294,660.7599276629663,-28.008445006465294,-64.7842835284049
Chaenocephalus aceratus,4408.74512920855,-2906.118607171294,660.7599276629663,-28.008445006465294,-64.7842835284049
Notothenia rossii,4408.74512920855,-2906.118607171294,660.7599276629663,-28.008445006465294,-64.7842835284049
Centropristis striata,4408.74512920855,-2906.118607171294,660.7599276629663,-28.008445006465294,-64.7842835284049
Epinephelus akaara,4408.74512920855,-2906.118607171294,660.7599276629663,-28.008445006465294,-64.7842835284049
Echiichthys vipera,4408.74512920855,-2906.118607171294,660.7599276629663,-28.008445006465294,-64.7842835284049
Macrognathus aculeatus,4408.74512920855,-2906.118607171294,660.7599276629663,-28.008445006465294,-64.7842835284049
Synbranchus marmoratus,4408.74512920855,-2906.118607171294,660.7599276629663,-28.008445006465294,-64.7842835284049
Hippoglossoides platessoides,4408.74512920855,-2906.118607171294,660.7599276629663,-28.008445006465294,-64.7842835284049
Limanda limanda,4408.74512920855,-2906.118607171294,660.7599276629663,-28.008445006465294,-64.7842835284049
Platichthys flesus,4408.74512920855,-2906.118607171294,660.7599276629663,-28.008445006465294,-64.7842835284049
Platichthys stellatus,4408.74512920855,-2906.118607171294,660.7599276629663,-28.008445006465294,-64.7842835284049
Pleuronectes platessa,4408.74512920855,-2906.118607171294,660.7599276629663,-28.008445006465294,-64.7842835284049
Pseudopleuronectes americanus,4408.74512920855,-2906.118607171294,660.7599276629663,-28.008445006465294,-64.7842835284049
Microstomus kitt,4408.74512920855,-2906.118607171294,660.7599276629663,-28.008445006465294,-64.7842835284049
Scophthalmus maximus,4408.74512920855,-2906.118607171294,660.7599276629663,-28.008445006465294,-64.7842835284049
Scophthalmus rhombus,4408.74512920855,-2906.118607171294,660.7599276629663,-28.008445006465294,-64.7842835284049
Solea solea,4408.74512920855,-2906.118607171294,660.7599276629663,-28.008445006465294,-64.7842835284049
Echeneis naucrates,4408.74512920855,-2906.118607171294,660.7599276629663,-28.008445006465294,-64.7842835284049
Cichlasoma bimaculatum,4408.74512920855,-2906.118607171294,660.7599276629663,-28.008445006465294,-64.7842835284049
Thorichthys meeki,4408.74512920855,-2906.118607171294,660.7599276629663,-28.008445006465294,-64.7842835284049
Pterophyllum scalare,4408.74512920855,-2906.118607171294,660.7599276629663,-28.008445006465294,-64.7842835284049
Oreochromis mossambicus,4408.74512920855,-2906.118607171294,660.7599276629663,-28.008445006465294,-64.7842835284049
Oreochromis aureus,4408.74512920855,-2906.118607171294,660.7599276629663,-28.008445006465294,-64.7842835284049
Sarotherodon galilaeus,4408.74512920855,-2906.118607171294,660.7599276629663,-28.008445006465294,-64.7842835284049
Oreochromis niloticus,4408.74512920855,-2906.118607171294,660.7599276629663,-28.008445006465294,-64.7842835284049
Rhadinocentrus ornatus,4408.74512920855,-2906.118607171294,660.7599276629663,-28.008445006465294,-64.7842835284049
Oryzias latipes,4408.74512920855,-2906.118607171294,660.7599276629663,-28.008445006465294,-64.7842835284049
Cyprinodon variegatus,4408.74512920855,-2906.118607171294,660.7599276629663,-28.008445006465294,-64.7842835284049
Fundulus similis,4408.74512920855,-2906.118607171294,660.7599276629663,-28.008445006465294,-64.7842835284049
Fundulus heteroclitus,4408.74512920855,-2906.118607171294,660.7599276629663,-28.008445006465294,-64.7842835284049
Fundulus grandis,4408.74512920855,-2906.118607171294,660.7599276629663,-28.008445006465294,-64.7842835284049
Fundulus parvipinnis,4408.74512920855,-2906.118607171294,660.7599276629663,-28.008445006465294,-64.7842835284049
Xiphophorus hellerii,4408.74512920855,-2906.118607171294,660.7599276629663,-28.008445006465294,-64.7842835284049
Gambusia affinis,4408.74512920855,-2906.118607171294,660.7599276629663,-28.008445006465294,-64.7842835284049
Gambusia holbrooki,4408.74512920855,-2906.118607171294,660.7599276629663,-28.008445006465294,-64.7842835284049
Poecilia latipinna,4408.74512920855,-2906.118607171294,660.7599276629663,-28.008445006465294,-64.7842835284049
Aphanius dispar,4408.74512920855,-2906.118607171294,660.7599276629663,-28.008445006465294,-64.7842835284049
Lipophrys pholis,4408.74512920855,-2906.118607171294,660.7599276629663,-28.008445006465294,-64.7842835284049
Chromis chromis,4408.74512920855,-2906.118607171294,660.7599276629663,-28.008445006465294,-64.7842835284049
Dascyllus aruanus,4408.74512920855,-2906.118607171294,660.7599276629663,-28.008445006465294,-64.7842835284049
Dascyllus reticulatus,4408.74512920855,-2906.118607171294,660.7599276629663,-28.008445006465294,-64.7842835284049
Chromis atripectoralis,4408.74512920855,-2906.118607171294,660.7599276629663,-28.008445006465294,-64.7842835284049
Chromis ternatensis,4408.74512920855,-2906.118607171294,660.7599276629663,-28.008445006465294,-64.7842835284049
Pomacentrus lepidogenys,4408.74512920855,-2906.118607171294,660.7599276629663,-28.008445006465294,-64.7842835284049
Pomacentrus moluccensis,4408.74512920855,-2906.118607171294,660.7599276629663,-28.008445006465294,-64.7842835284049
Pomacentrus coelestis,4408.74512920855,-2906.118607171294,660.7599276629663,-28.008445006465294,-64.7842835284049
Neopomacentrus azysron,6350.938309574817,5429.685073005452,87.41299257444702,126.69538964312966,4.046717557545902
Neopomacentrus cyanomos,6350.938309574817,5429.685073005452,87.41299257444702,126.69538964312966,4.046717557545902
Neopomacentrus bankieri,6350.938309574817,5429.685073005452,87.41299257444702,126.69538964312966,4.046717557545902
Mugil curema,6350.938309574817,5429.685073005452,87.41299257444702,126.69538964312966,4.046717557545902
Mugil cephalus,6350.938309574817,5429.685073005452,87.41299257444702,126.69538964312966,4.046717557545902
Rhinomugil corsula,6350.938309574817,5429.685073005452,87.41299257444702,126.69538964312966,4.046717557545902
Ambassis interrupta,6350.938309574817,5429.685073005452,87.41299257444702,126.69538964312966,4.046717557545902
Rhinogobiops nicholsii,6350.938309574817,5429.685073005452,87.41299257444702,126.69538964312966,4.046717557545902
Oligolepis acutipennis,6350.938309574817,5429.685073005452,87.41299257444702,126.69538964312966,4.046717557545902
Glossogobius giuris,6350.938309574817,5429.685073005452,87.41299257444702,126.69538964312966,4.046717557545902
Gillichthys mirabilis,6350.938309574817,5429.685073005452,87.41299257444702,126.69538964312966,4.046717557545902
Typhlogobius californiensis,6350.938309574817,5429.685073005452,87.41299257444702,126.69538964312966,4.046717557545902
Katsuwonus pelamis,6350.938309574817,5429.685073005452,87.41299257444702,126.69538964312966,4.046717557545902
Thunnus alalunga,6350.938309574817,5429.685073005452,87.41299257444702,126.69538964312966,4.046717557545902
Pomatomus saltatrix,6350.938309574817,5429.685073005452,87.41299257444702,126.69538964312966,4.046717557545902
Callionymus lyra,6350.938309574817,5429.685073005452,87.41299257444702,126.69538964312966,4.046717557545902
Syngnathus acus,6350.938309574817,5429.685073005452,87.41299257444702,126.69538964312966,4.046717557545902
Hippocampus hippocampus,6350.938309574817,5429.685073005452,87.41299257444702,126.69538964312966,4.046717557545902
Melamphaes acanthomus,6350.938309574817,5429.685073005452,87.41299257444702,126.69538964312966,4.046717557545902
Anoplogaster cornuta,6350.938309574817,5429.685073005452,87.41299257444702,126.69538964312966,4.046717557545902
Coryphaenoides armatus,6350.938309574817,5429.685073005452,87.41299257444702,126.69538964312966,4.046717557545902
Melanogrammus aeglefinus,6350.938309574817,5429.685073005452,87.41299257444702,126.69538964312966,4.046717557545902
Gadus morhua,6350.938309574817,5429.685073005452,87.41299257444702,126.69538964312966,4.046717557545902
Gadus chalcogrammus,6350.938309574817,5429.685073005452,87.41299257444702,126.69538964312966,4.046717557545902
Pollachius pollachius,6350.938309574817,5429.685073005452,87.41299257444702,126.69538964312966,4.046717557545902
Nannobrachium ritteri,6350.938309574817,5429.685073005452,87.41299257444702,126.69538964312966,4.046717557545902
Stenobrachius leucopsarus,6350.938309574817,5429.685073005452,87.41299257444702,126.69538964312966,4.046717557545902
Triphoturus mexicanus,6350.938309574817,5429.685073005452,87.41299257444702,126.69538964312966,4.046717557545902
Tarletonbeania crenularis,6350.938309574817,5429.685073005452,87.41299257444702,126.69538964312966,4.046717557545902
Diaphus theta,6350.938309574817,5429.685073005452,87.41299257444702,126.69538964312966,4.046717557545902
Borostomias panamensis,6350.938309574817,5429.685073005452,87.41299257444702,126.69538964312966,4.046717557545902
Cyclothone acclinidens,6350.938309574817,5429.685073005452,87.41299257444702,126.69538964312966,4.046717557545902
Ictalurus punctatus,6350.938309574817,5429.685073005452,87.41299257444702,126.69538964312966,4.046717557545902
Ameiurus melas,6350.938309574817,5429.685073005452,87.41299257444702,126.69538964312966,4.046717557545902
Ameiurus nebulosus,6350.938309574817,5429.685073005452,87.41299257444702,126.69538964312966,4.046717557545902
Ameiurus natalis,6350.938309574817,5429.685073005452,87.41299257444702,126.69538964312966,4.046717557545902
Heteropneustes fossilis,6350.938309574817,5429.685073005452,87.41299257444702,126.69538964312966,4.046717557545902
Mystus vittatus,6350.938309574817,5429.685073005452,87.41299257444702,126.69538964312966,4.046717557545902
Mystus cavasius,6350.938309574817,5429.685073005452,87.41299257444702,126.69538964312966,4.046717557545902
Exodon paradoxus,6350.938309574817,5429.685073005452,87.41299257444702,126.69538964312966,4.046717557545902
Colossoma macropomum,6350.938309574817,5429.685073005452,87.41299257444702,126.69538964312966,4.046717557545902
Leporinus fasciatus,6350.938309574817,5429.685073005452,87.41299257444702,126.69538964312966,4.046717557545902
Hoplerythrinus unitaeniatus,6350.938309574817,5429.685073005452,87.41299257444702,126.69538964312966,4.046717557545902
Lepidocephalichthys guntea,6350.938309574817,5429.685073005452,87.41299257444702,126.69538964312966,4.046717557545902
Catostomus tahoensis,6350.938309574817,5429.685073005452,87.41299257444702,126.69538964312966,4.046717557545902
Catostomus commersonii,6350.938309574817,5429.685073005452,87.41299257444702,126.69538964312966,4.046717557545902
Carassius auratus,6350.938309574817,5429.685073005452,87.41299257444702,126.69538964312966,4.046717557545902
Carassius carassius,6350.938309574817,5429.685073005452,87.41299257444702,126.69538964312966,4.046717557545902
Cyprinus carpio,6350.938309574817,5429.685073005452,87.41299257444702,126.69538964312966,4.046717557545902
Danio rerio,6350.938309574817,5429.685073005452,87.41299257444702,126.69538964312966,4.046717557545902
Rhodeus sericeus,6350.938309574817,5429.685073005452,87.41299257444702,126.69538964312966,4.046717557545902
Tinca tinca,6350.938309574817,5429.685073005452,87.41299257444702,126.69538964312966,4.046717557545902
Hybognathus nuchalis,6350.938309574817,5429.685073005452,87.41299257444702,126.69538964312966,4.046717557545902
Cyprinella lutrensis,6350.938309574817,5429.685073005452,87.41299257444702,126.69538964312966,4.046717557545902
Pimephales promelas,6350.938309574817,5429.685073005452,87.41299257444702,126.69538964312966,4.046717557545902
Pimephales vigilax,6350.938309574817,5429.685073005452,87.41299257444702,126.69538964312966,4.046717557545902
Orthodon microlepidotus,6350.938309574817,5429.685073005452,87.41299257444702,126.69538964312966,4.046717557545902
Rutilus rutilus,6350.938309574817,5429.685073005452,87.41299257444702,126.69538964312966,4.046717557545902
Alburnus alburnus,6350.938309574817,5429.685073005452,87.41299257444702,126.69538964312966,4.046717557545902
Abramis brama,6350.938309574817,5429.685073005452,87.41299257444702,126.69538964312966,4.046717557545902
Notemigonus crysoleucas,6350.938309574817,5429.685073005452,87.41299257444702,126.69538964312966,4.046717557545902
Leuciscus idus,6350.938309574817,5429.685073005452,87.41299257444702,126.69538964312966,4.046717557545902
Gobio gobio,6350.938309574817,5429.685073005452,87.41299257444702,126.69538964312966,4.046717557545902
Ctenopharyngodon idella,6350.938309574817,5429.685073005452,87.41299257444702,126.69538964312966,4.046717557545902
Labeo rohita,6350.938309574817,5429.685073005452,87.41299257444702,126.69538964312966,4.046717557545902
Labeo calbasu,6350.938309574817,5429.685073005452,87.41299257444702,126.69538964312966,4.046717557545902
Cirrhinus cirrhosus,6350.938309574817,5429.685073005452,87.41299257444702,126.69538964312966,4.046717557545902
Labeobarbus aeneus,6350.938309574817,5429.685073005452,87.41299257444702,126.69538964312966,4.046717557545902
Chanos chanos,6350.938309574817,5429.685073005452,87.41299257444702,126.69538964312966,4.046717557545902
Brevoortia tyrannus,6350.938309574817,5429.685073005452,87.41299257444702,126.69538964312966,4.046717557545902
Dorosoma cepedianum,6350.938309574817,5429.685073005452,87.41299257444702,126.69538964312966,4.046717557545902
Engraulis japonicus,6350.938309574817,5429.685073005452,87.41299257444702,126.69538964312966,4.046717557545902
Gilchristella aestuaria,6350.938309574817,5429.685073005452,87.41299257444702,126.69538964312966,4.046717557545902
Anguilla australis,6351.100892410276,5429.772523453799,87.43598718390767,126.69615501530468,4.041381131900173
Anguilla rostrata,6350.938309574817,5429.685073005452,87.41299257444702,126.69538964312966,4.046717557545902
Anguilla anguilla,6350.938309574817,5429.685073005452,87.41299257444702,126.69538964312966,4.046717557545902
Anguilla japonica,6350.938309574817,5429.685073005452,87.41299257444702,126.69538964312966,4.046717557545902
Conger conger,6350.938309574817,5429.685073005452,87.41299257444702,126.69538964312966,4.046717557545902
Arapaima gigas,6350.938309574817,5429.685073005452,87.41299257444702,126.69538964312966,4.046717557545902
Acipenser transmontanus,6350.938309574817,5429.685073005452,87.41299257444702,126.69538964312966,4.046717557545902
Acipenser gueldenstaedtii,6350.938309574817,5429.685073005452,87.41299257444702,126.69538964312966,4.046717557545902
Acipenser ruthenus,6350.938309574817,5429.685073005452,87.41299257444702,126.69538964312966,4.046717557545902
Acipenser stellatus,6350.938309574817,5429.685073005452,87.41299257444702,126.69538964312966,4.046717557545902
Polyodon spathula,6350.938309574817,5429.685073005452,87.41299257444702,126.69538964312966,4.046717557545902
Geotrypetes seraphini,5677.351409264003,3690.1281380146893,-655.261211782354,-91.30381217613682,131.53080622755243
Ambystoma tigrinum,5598.896510517717,3349.9932769813536,-691.9632680057476,-762.0525724532442,-1.24058793201322
Ambystoma jeffersonianum,5598.896510517717,3349.9932769813536,-691.9632680057476,-762.0525724532442,-1.24058793201322
Ambystoma macrodactylum,5598.896510517717,3349.9932769813536,-691.9632680057476,-762.0525724532442,-1.24058793201322
Ambystoma gracile,5598.896510517717,3349.9932769813536,-691.9632680057476,-762.0525724532442,-1.24058793201322
Salamandra salamandra,5598.896510517717,3349.9932769813536,-691.9632680057476,-762.0525724532442,-1.24058793201322
Taricha torosa,5598.896510517717,3349.9932769813536,-691.9632680057476,-762.0525724532442,-1.24058793201322
Notophthalmus viridescens,5598.896510517717,3349.9932769813536,-691.9632680057476,-762.0525724532442,-1.24058793201322
Amphiuma tridactylum,5585.398447113545,3290.9505574393543,-707.4263115450286,-982.2260366223594,-47.008336654486506
Amphiuma means,5585.398447113545,3290.9505574393543,-707.4263115450286,-982.2260366223594,-47.008336654486506
Plethodon glutinosus,5576.336357395867,3251.300952114882,-717.9909075378489,-1132.363890184269,-78.40944775669506
Plethodon jordani,5576.336357395867,3251.300952114882,-717.9909075378489,-1132.363890184269,-78.40944775669506
Desmognathus quadramaculatus,5576.336357395867,3251.300952114882,-717.9909075378489,-1132.363890184269,-78.40944775669506
Aneides lugubris,5576.336357395867,3251.300952114882,-717.9909075378489,-1132.363890184269,-78.40944775669506
Pseudoeurycea gadovii,5573.054263898109,3236.9375419185967,-721.872178769086,-1187.4698592228556,-90.01633730453788
Bolitoglossa subpalmata,5572.726114627366,3235.501172889663,-722.2652706694223,-1193.046117642803,-91.19814974371164
Bolitoglossa occidentalis,4140.726113397925,-2903.8072499855743,-180.69087542810638,12.708845745464034,116.75734700491317
Batrachoseps attenuatus,4140.726113397925,-2903.8072499855743,-180.69087542810638,12.708845745464034,116.75734700491317
Pseudotriton ruber,4140.726113397925,-2903.8072499855743,-180.69087542810638,12.708845745464034,116.75734700491317
Gyrinophilus porphyriticus,4140.726113397925,-2903.8072499855743,-180.69087542810638,12.708845745464034,116.75734700491317
Eurycea longicauda,4132.740860505589,-2902.077203012059,-182.52103002160155,12.7917444525807,117.12904692219455
Necturus maculosus,4140.726113397925,-2903.8072499855743,-180.69087542810638,12.708845745464034,116.75734700491317
Scaphiopus couchii,4140.726113397924,-2903.807249985575,-180.69087542810593,12.708845745464025,116.75734700491311
Spea hammondii,4140.726113397924,-2903.807249985575,-180.69087542810593,12.708845745464025,116.75734700491311
Odontophrynus americanus,4140.726113397925,-2903.8072499855743,-180.69087542810638,12.708845745464034,116.75734700491317
Dendrobates auratus,4140.726113397925,-2903.8072499855743,-180.69087542810638,12.708845745464034,116.75734700491317
Colostethus inguinalis,4140.726113397925,-2903.8072499855743,-180.69087542810638,12.708845745464034,116.75734700491317
Rhinella marina,4140.726113397925,-2903.8072499855743,-180.69087542810638,12.708845745464034,116.75734700491317
Incilius alvarius,4140.726113397925,-2903.8072499855743,-180.69087542810638,12.708845745464034,116.75734700491317
Anaxyrus americanus,4140.726113397925,-2903.8072499855743,-180.69087542810638,12.708845745464034,116.75734700491317
Anaxyrus woodhousii,4140.726113397925,-2903.8072499855743,-180.69087542810638,12.708845745464034,116.75734700491317
Anaxyrus cognatus,4140.726113397925,-2903.8072499855743,-180.69087542810638,12.708845745464034,116.75734700491317
Anaxyrus boreas,4140.726113397925,-2903.8072499855743,-180.69087542810638,12.708845745464034,116.75734700491317
Epidalea calamita,4140.726113397925,-2903.8072499855743,-180.69087542810638,12.708845745464034,116.75734700491317
Engystomops pustulosus,4140.726113397925,-2903.8072499855743,-180.69087542810638,12.708845745464034,116.75734700491317
Osteopilus septentrionalis,4140.726113397925,-2903.8072499855743,-180.69087542810638,12.708845745464034,116.75734700491317
Pseudacris crucifer,4140.726113397925,-2903.8072499855743,-180.69087542810638,12.708845745464034,116.75734700491317
Pseudacris regilla,4140.726113397925,-2903.8072499855743,-180.69087542810638,12.708845745464034,116.75734700491317
Smilisca fodiens,4140.726113397925,-2903.8072499855743,-180.69087542810638,12.708845745464034,116.75734700491317
Dryophytes cinereus,4140.726113397925,-2903.8072499855743,-180.69087542810638,12.708845745464034,116.75734700491317
Dryophytes gratiosus,4140.726113397925,-2903.8072499855743,-180.69087542810638,12.708845745464034,116.75734700491317
Dryophytes squirellus,4140.726113397925,-2903.8072499855743,-180.69087542810638,12.708845745464034,116.75734700491317
Dryophytes arenicolor,4140.726113397925,-2903.8072499855743,-180.69087542810638,12.708845745464034,116.75734700491317
Dryophytes chrysoscelis,4140.726113397925,-2903.8072499855743,-180.69087542810638,12.708845745464034,116.75734700491317
Dryophytes versicolor,4140.726113397925,-2903.8072499855743,-180.69087542810638,12.708845745464034,116.75734700491317
Agalychnis callidryas,4140.726113397925,-2903.8072499855743,-180.69087542810638,12.708845745464034,116.75734700491317
Eleutherodactylus coqui,4140.726113397925,-2903.8072499855743,-180.69087542810638,12.708845745464034,116.75734700491317
Pyxicephalus adspersus,4140.726113397925,-2903.8072499855743,-180.69087542810638,12.708845745464034,116.75734700491317
Lithobates catesbeianus,4140.726113397925,-2903.8072499855743,-180.69087542810638,12.708845745464034,116.75734700491317
Gastrophryne carolinensis,4140.726113397925,-2903.8072499855743,-180.69087542810638,12.708845745464034,116.75734700491317
Kaloula pulchra,4140.726113397925,-2903.8072499855743,-180.69087542810638,12.708845745464034,116.75734700491317
Hyperolius viridiflavus,4140.726113397925,-2903.8072499855743,-180.69087542810638,12.708845745464034,116.75734700491317
Xenopus laevis,4140.726113397925,-2903.8072499855743,-180.69087542810638,12.708845745464034,116.75734700491317
Bombina orientalis,4140.726113397925,-2903.8072499855743,-180.69087542810638,12.708845745464034,116.75734700491317
Discoglossus pictus,4140.726113397925,-2903.8072499855743,-180.69087542810638,12.708845745464034,116.75734700491317
Notoryctes caurinus,4028.184313551322,-2903.036489662983,-536.8296351921872,30.28901201845795,192.3857279527188
Echinosorex gymnura,4028.184313551322,-2903.036489662983,-536.8296351921872,30.28901201845795,192.3857279527188
Scalopus aquaticus,4028.184313551322,-2903.036489662983,-536.8296351921872,30.28901201845795,192.3857279527188
Genetta tigrina,4028.184313551322,-2903.036489662983,-536.8296351921872,30.28901201845795,192.3857279527188
Cerdocyon thous,4028.184313551322,-2903.036489662983,-536.8296351921872,30.28901201845795,192.3857279527188
Mustela erminea,4028.184313551322,-2903.036489662983,-536.8296351921872,30.28901201845795,192.3857279527188
Madoqua kirkii,4028.184313551322,-2903.036489662983,-536.8296351921872,30.28901201845795,192.3857279527188
Tragulus javanicus,4028.184313551322,-2903.036489662983,-536.8296351921872,30.28901201845795,192.3857279527188
Rhinonicteris aurantia,4028.184313551322,-2903.036489662983,-536.8296351921872,30.28901201845795,192.3857279527188
Macroderma gigas,4028.184313551322,-2903.036489662983,-536.8296351921872,30.28901201845795,192.3857279527188
Peropteryx macrotis,4028.184313551322,-2903.036489662983,-536.8296351921872,30.28901201845795,192.3857279527188
Miniopterus schreibersii,4028.184313551322,-2903.036489662983,-536.8296351921872,30.28901201845795,192.3857279527188
Natalus tumidirostris,4028.184313551322,-2903.036489662983,-536.8296351921872,30.28901201845795,192.3857279527188
Aplodontia rufa,4028.184313551322,-2903.036489662983,-536.8296351921872,30.28901201845795,192.3857279527188
Cynomys ludovicianus,4028.184313551322,-2903.036489662983,-536.8296351921872,30.28901201845795,192.3857279527188
Tamias striatus,4028.184313551322,-2903.036489662983,-536.8296351921872,30.28901201845795,192.3857279527188
Microtus oeconomus,4028.184313551322,-2903.036489662983,-536.8296351921872,30.28901201845795,192.3857279527188
Microtus breweri,4028.184313551322,-2903.036489662983,-536.8296351921872,30.28901201845795,192.3857279527188
Myopus schisticolor,4028.184313551322,-2903.036489662983,-536.8296351921872,30.28901201845795,192.3857279527188
Lemmus trimucronatus,4028.184313551322,-2903.036489662983,-536.8296351921872,30.28901201845795,192.3857279527188
Dicrostonyx groenlandicus,4028.184313551322,-2903.036489662983,-536.8296351921872,30.28901201845795,192.3857279527188
Phyllotis darwini,4028.184313551322,-2903.036489662983,-536.8296351921872,30.28901201845795,192.3857279527188
Parotomys brantsii,4028.184313551322,-2903.036489662983,-536.8296351921872,30.28901201845795,192.3857279527188
Myotomys unisulcatus,4028.184313551322,-2903.036489662983,-536.8296351921872,30.28901201845795,192.3857279527188
Hydromys chrysogaster,4028.184313551322,-2903.036489662983,-536.8296351921872,30.28901201845795,192.3857279527188
Gerbillus nanus,4028.184313551322,-2903.036489662983,-536.8296351921872,30.28901201845795,192.3857279527188
Cricetomys gambianus,4028.184313551322,-2903.036489662983,-536.8296351921872,30.28901201845795,192.3857279527188
Mystromys albicaudatus,4028.184313551322,-2903.036489662983,-536.8296351921872,30.28901201845795,192.3857279527188
Cannomys badius,4028.184313551322,-2903.036489662983,-536.8296351921872,30.28901201845795,192.3857279527188
Perognathus longimembris,4028.184313551322,-2903.036489662983,-536.8296351921872,30.28901201845795,192.3857279527188
Georychus capensis,4028.184313551322,-2903.036489662983,-536.8296351921872,30.28901201845795,192.3857279527188
Spalacopus cyanus,4028.184313551322,-2903.036489662983,-536.8296351921872,30.28901201845795,192.3857279527188
Tympanoctomys barrerae,4028.184313551322,-2903.036489662983,-536.8296351921872,30.28901201845795,192.3857279527188
Cebuella pygmaea,4028.184313551322,-2903.036489662983,-536.8296351921872,30.28901201845795,192.3857279527188
Eremitalpa granti,4028.184313551322,-2903.036489662983,-536.8296351921872,30.28901201845795,192.3857279527188
Elephantulus myurus,4028.184313551322,-2903.036489662983,-536.8296351921872,30.28901201845795,192.3857279527188
Macroscelides proboscideus,4028.184313551322,-2903.036489662983,-536.8296351921872,30.28901201845795,192.3857279527188
Tachyglossus aculeatus,4028.1843135513227,-2903.036489662983,-536.8296351921864,30.28901201845787,192.38572795271875
Ornithorhynchus anatinus,4028.1843135513227,-2903.036489662983,-536.8296351921864,30.28901201845787,192.38572795271875
Bunopus tuberculatus,3739.3332472660713,-2906.2119565000166,-1556.918777944424,180.52205114149064,-104.68333415601684
Ptyodactylus hasselquistii,3739.3332472660713,-2906.2119565000166,-1556.918777944424,180.52205114149064,-104.68333415601684
Sphaerodactylus cinereus,3739.3332472660713,-2906.2119565000166,-1556.918777944424,180.52205114149064,-104.68333415601684
Coleonyx variegatus,3739.3332472660713,-2906.2119565000166,-1556.918777944424,180.52205114149064,-104.68333415601684
Egernia cunninghami,3712.486521831624,-2906.9243857966712,-1660.3133630335242,202.99597714657193,-172.0641081692896
Tiliqua scincoides,3712.486521831624,-2906.9243857966712,-1660.3133630335242,202.99597714657193,-172.0641081692896
Tiliqua rugosa,3712.486521831624,-2906.9243857966712,-1660.3133630335242,202.99597714657193,-172.0641081692896
Chalcides ocellatus,3712.486521831624,-2906.9243857966712,-1660.3133630335242,202.99597714657193,-172.0641081692896
Antaresia stimsoni,3684.854996302974,-2907.9361704300086,-1772.635600992408,232.17304143754896,-273.3800334107566
Antaresia childreni,3684.854996302974,-2907.9361704300086,-1772.635600992408,232.17304143754896,-273.3800334107566
Morelia spilota,3684.854996302974,-2907.9361704300086,-1772.635600992408,232.17304143754896,-273.3800334107566
Liasis olivaceus,3684.854996302974,-2907.9361704300086,-1772.635600992408,232.17304143754896,-273.3800334107566
Liasis fuscus,3684.854996302974,-2907.9361704300086,-1772.635600992408,232.17304143754896,-273.3800334107566
Aspidites melanocephalus,3684.854996302974,-2907.9361704300086,-1772.635600992408,232.17304143754896,-273.3800334107566
Pseudonaja nuchalis,3680.124531331484,-2908.234701207515,-1794.5218289889394,239.8884860497416,-305.10887290871153
Coluber constrictor,3680.124531331484,-2908.234701207515,-1794.5218289889394,239.8884860497416,-305.10887290871153
Masticophis flagellum,3680.124531331484,-2908.234701207515,-1794.5218289889394,239.8884860497416,-305.10887290871153
Pituophis catenifer,3680.124531331484,-2908.234701207515,-1794.5218289889394,239.8884860497416,-305.10887290871153
Thamnophis butleri,3680.124531331484,-2908.234701207515,-1794.5218289889394,239.8884860497416,-305.10887290871153
Thamnophis sirtalis,3680.124531331484,-2908.234701207515,-1794.5218289889394,239.8884860497416,-305.10887290871153
Natrix maura,3680.124531331484,-2908.234701207515,-1794.5218289889394,239.8884860497416,-305.10887290871153
Natrix natrix,3680.124531331484,-2908.234701207515,-1794.5218289889394,239.8884860497416,-305.10887290871153
Crotalus viridis,-10458.12382021576,512.5326886491047,18.32469209441382,-0.10569819564294147,-0.1319724587422514
Varanus albigularis,-10458.12382021576,512.5326886491047,18.32469209441382,-0.10569819564294147,-0.1319724587422514
Varanus gilleni,-10458.12382021576,512.5326886491047,18.32469209441382,-0.10569819564294147,-0.1319724587422514
Varanus panoptes,-10458.12382021576,512.5326886491047,18.32469209441382,-0.10569819564294147,-0.1319724587422514
Varanus gouldii,-10458.12382021576,512.5326886491047,18.32469209441382,-0.10569819564294147,-0.1319724587422514
Varanus rosenbergi,-10458.12382021576,512.5326886491047,18.32469209441382,-0.10569819564294147,-0.1319724587422514
Varanus giganteus,-10458.12382021576,512.5326886491047,18.32469209441382,-0.10569819564294147,-0.1319724587422514
Varanus mertensi,-10458.12382021576,512.5326886491047,18.32469209441382,-0.10569819564294147,-0.1319724587422514
Ophisaurus ventralis,-10458.12382021576,512.5326886491047,18.32469209441382,-0.10569819564294147,-0.1319724587422514
Elgaria multicarinata,-10458.12382021576,512.5326886491047,18.32469209441382,-0.10569819564294147,-0.1319724587422514
Anniella pulchra,-10458.12382021576,512.5326886491047,18.32469209441382,-0.10569819564294147,-0.1319724587422514
Sceloporus occidentalis,-10458.12382021576,512.5326886491047,18.32469209441382,-0.10569819564294147,-0.1319724587422514
Amblyrhynchus cristatus,-10458.12382021576,512.5326886491047,18.32469209441382,-0.10569819564294147,-0.1319724587422514
Sauromalus hispidus,-10458.12382021576,512.5326886491047,18.32469209441382,-0.10569819564294147,-0.1319724587422514
Iguana iguana,-10458.12382021576,512.5326886491047,18.32469209441382,-0.10569819564294147,-0.1319724587422514
Cnemidophorus murinus,-10458.12382021576,512.5326886491047,18.32469209441382,-0.10569819564294147,-0.1319724587422514
Lacerta viridis,-10458.12382021576,512.5326886491047,18.32469209441382,-0.10569819564294147,-0.1319724587422514
Apteryx owenii,-10458.12382021576,512.5326886491047,18.32469209441382,-0.10569819564294147,-0.1319724587422514
Apteryx australis,-10458.12382021576,512.5326886491047,18.32469209441382,-0.10569819564294147,-0.1319724587422514
Dromaius novaehollandiae,-10458.12382021576,512.5326886491047,18.32469209441382,-0.10569819564294147,-0.1319724587422514
Orthorhyncus cristatus,-10458.12382021576,512.5326886491047,18.32469209441382,-0.10569819564294147,-0.1319724587422514
Lampornis clemenciae,-10458.12382021576,512.5326886491047,18.32469209441382,-0.10569819564294147,-0.1319724587422514
Archilochus alexandri,-10458.12382021576,512.5326886491047,18.32469209441382,-0.10569819564294147,-0.1319724587422514
Oreotrochilus estella,-10458.12382021576,512.5326886491047,18.32469209441382,-0.10569819564294147,-0.1319724587422514
Pterodroma hypoleuca,-10458.12382021576,512.5326886491047,18.32469209441382,-0.10569819564294147,-0.1319724587422514
Macronectes giganteus,-10458.12382021576,512.5326886491047,18.32469209441382,-0.10569819564294147,-0.1319724587422514
Melanerpes formicivorus,-10458.12382021576,512.5326886491047,18.32469209441382,-0.10569819564294147,-0.1319724587422514
Manacus vitellinus,-10458.12382021576,512.5326886491047,18.32469209441382,-0.10569819564294147,-0.1319724587422514
Acanthorhynchus tenuirostris,-10458.12382021576,512.5326886491047,18.32469209441382,-0.10569819564294147,-0.1319724587422514
Callipepla gambelii,-10458.12382021576,512.5326886491047,18.32469209441382,-0.10569819564294147,-0.1319724587422514
Callipepla californica,-10458.12382021576,512.5326886491047,18.32469209441382,-0.10569819564294147,-0.1319724587422514
Trachemys scripta,-10458.12382021576,512.5326886491047,18.32469209441382,-0.10569819564294147,-0.1319724587422514
Terrapene ornata,-10458.12382021576,512.5326886491047,18.32469209441382,-0.10569819564294147,-0.1319724587422514
Chelydra serpentina,-10458.12382021576,512.5326886491047,18.32469209441382,-0.10569819564294147,-0.1319724587422514
Protopterus annectens,-10458.12382021576,512.5326886491047,18.32469209441382,-0.10569819564294147,-0.1319724587422514
Myxine glutinosa,-10458.12382021576,512.5326886491047,18.32469209441382,-0.10569819564294147,-0.1319724587422514
Petromyzon marinus,-10458.12382021576,512.5326886491047,18.32469209441382,-0.10569819564294147,-0.1319724587422514
Lampetra fluviatilis,-10458.12382021576,512.5326886491047,18.32469209441382,-0.10569819564294147,-0.1319724587422514
Lampetra planeri,-10458.12382021576,512.5326886491047,18.32469209441382,-0.10569819564294147,-0.1319724587422514
Plectreurys tristis,-10458.12382021576,512.5326886491047,18.32469209441382,-0.10569819564294147,-0.1319724587422514
Loxosceles deserta,-10458.12382021576,512.5326886491047,18.32469209441382,-0.10569819564294147,-0.1319724587422514
Loxosceles laeta,-10458.12382021576,512.5326886491047,18.32469209441382,-0.10569819564294147,-0.1319724587422514
Argiope aurantia,-10458.12382021576,512.5326886491047,18.32469209441382,-0.10569819564294147,-0.1319724587422514
Latrodectus mactans,-10458.12382021576,512.5326886491047,18.32469209441382,-0.10569819564294147,-0.1319724587422514
Marpissa muscosa,-10458.12382021576,512.5326886491047,18.32469209441382,-0.10569819564294147,-0.1319724587422514
Pardosa lugubris,-10458.12382021576,512.5326886491047,18.32469209441382,-0.10569819564294147,-0.1319724587422514
Agelenopsis aperta,-10458.12382021576,512.5326886491047,18.32469209441382,-0.10569819564294147,-0.1319724587422514
Zosis geniculata,-10458.12382021576,512.5326886491047,18.32469209441382,-0.10569819564294147,-0.1319724587422514
Nauphoeta cinerea,-10458.12382021576,512.5326886491047,18.32469209441382,-0.10569819564294147,-0.1319724587422514
Eublaberus posticus,-10458.12382021576,512.5326886491047,18.32469209441382,-0.10569819564294147,-0.1319724587422514
Blaberus discoidalis,-10458.12382021576,512.5326886491047,18.32469209441382,-0.10569819564294147,-0.1319724587422514
Coptotermes formosanus,-10458.12382021576,512.5326886491047,18.32469209441382,-0.10569819564294147,-0.1319724587422514
Periplaneta americana,-10458.12382021576,512.5326886491047,18.32469209441382,-0.10569819564294147,-0.1319724587422514
Tanaocerus koebeli,-10458.12382021576,512.5326886491047,18.32469209441382,-0.10569819564294147,-0.1319724587422514
Acheta domesticus,-10458.12382021576,512.5326886491047,18.32469209441382,-0.10569819564294147,-0.1319724587422514
Teleogryllus commodus,-10458.12382021576,512.5326886491047,18.32469209441382,-0.10569819564294147,-0.1319724587422514
Requena verticalis,-10458.12382021576,512.5326886491047,18.32469209441382,-0.10569819564294147,-0.1319724587422514
Solenopsis invicta,-10458.12382021576,512.5326886491047,18.32469209441382,-0.10569819564294147,-0.1319724587422514
Atta columbica,-10458.12382021576,512.5326886491047,18.32469209441382,-0.10569819564294147,-0.1319724587422514
Tetramorium caespitum,-10458.12382021576,512.5326886491047,18.32469209441382,-0.10569819564294147,-0.1319724587422514
Aphaenogaster cockerelli,-10458.12382021576,512.5326886491047,18.32469209441382,-0.10569819564294147,-0.1319724587422514
Myrmica alaskensis,-10458.12382021576,512.5326886491047,18.32469209441382,-0.10569819564294147,-0.1319724587422514
Myrmica rubra,-10458.12382021576,512.5326886491047,18.32469209441382,-0.10569819564294147,-0.1319724587422514
Camponotus vafer,-10458.12382021576,512.5326886491047,18.32469209441382,-0.10569819564294147,-0.1319724587422514
Camponotus laevigatus,-10458.12382021576,512.5326886491047,18.32469209441382,-0.10569819564294147,-0.1319724587422514
Camponotus vicinus,-10458.12382021576,512.5326886491047,18.32469209441382,-0.10569819564294147,-0.1319724587422514
Camponotus sp.,-10458.12382021576,512.5326886491047,18.32469209441382,-0.10569819564294147,-0.1319724587422514
Lasius alienus,-10458.12382021576,512.5326886491047,18.32469209441382,-0.10569819564294147,-0.1319724587422514
Eciton hamatum,-10458.12382021576,512.5326886491047,18.32469209441382,-0.10569819564294147,-0.1319724587422514
Paraponera clavata,-10458.12382021576,512.5326886491047,18.32469209441382,-0.10569819564294147,-0.1319724587422514
Leptogenys attenuata,-10458.12382021576,512.5326886491047,18.32469209441382,-0.10569819564294147,-0.1319724587422514
Cicindela repanda,-10458.12382021576,512.5326886491047,18.32469209441382,-0.10569819564294147,-0.1319724587422514
Onymacris plana,-10458.12382021576,512.5326886491047,18.32469209441382,-0.10569819564294147,-0.1319724587422514
Onymacris unguicularis,-10458.12382021576,512.5326886491047,18.32469209441382,-0.10569819564294147,-0.1319724587422514
Onymacris rugatipennis,-10458.12382021576,512.5326886491047,18.32469209441382,-0.10569819564294147,-0.1319724587422514
Physadesmia globosa,-10458.12382021576,512.5326886491047,18.32469209441382,-0.10569819564294147,-0.1319724587422514
Physosterna cribripes,-10458.12382021576,512.5326886491047,18.32469209441382,-0.10569819564294147,-0.1319724587422514
Aphodius rufus,-10458.12382021576,512.5326886491047,18.32469209441382,-0.10569819564294147,-0.1319724587422514
Aphodius contaminatus,-10458.12382021576,512.5326886491047,18.32469209441382,-0.10569819564294147,-0.1319724587422514
Aphodius fimetarius,-10458.12382021576,512.5326886491047,18.32469209441382,-0.10569819564294147,-0.1319724587422514
Circellium bacchus,-10458.12382021576,512.5326886491047,18.32469209441382,-0.10569819564294147,-0.1319724587422514
Anachalcos convexus,-10458.12382021576,512.5326886491047,18.32469209441382,-0.10569819564294147,-0.1319724587422514
Drosophila virilis,-10458.12382021576,512.5326886491047,18.32469209441382,-0.10569819564294147,-0.1319724587422514
Drosophila mimica,-10458.12382021576,512.5326886491047,18.32469209441382,-0.10569819564294147,-0.1319724587422514
Drosophila melanogaster,-10458.12382021576,512.5326886491047,18.32469209441382,-0.10569819564294147,-0.1319724587422514
Pantophthalmus tabaninus,-10458.12382021576,512.5326886491047,18.32469209441382,-0.10569819564294147,-0.1319724587422514
Hapigia simplex,-10458.12382021576,512.5326886491047,18.32469209441382,-0.10569819564294147,-0.1319724587422514
Protambulyx strigilis,-10458.12382021576,512.5326886491047,18.32469209441382,-0.10569819564294147,-0.1319724587422514
Manduca rustica,-10458.12382021576,512.5326886491047,18.32469209441382,-0.10569819564294147,-0.1319724587422514
Enyo ocypete,-10458.12382021576,512.5326886491047,18.32469209441382,-0.10569819564294147,-0.1319724587422514
Oryba achemenides,-10458.12382021576,512.5326886491047,18.32469209441382,-0.10569819564294147,-0.1319724587422514
Erinnyis ello,-10458.12382021576,512.5326886491047,18.32469209441382,-0.10569819564294147,-0.1319724587422514
Perigonia lusca,-10458.12382021576,512.5326886491047,18.32469209441382,-0.10569819564294147,-0.1319724587422514
Pachylia ficus,-10458.12382021576,512.5326886491047,18.32469209441382,-0.10569819564294147,-0.1319724587422514
Xylophanes chiron,-10458.12382021576,512.5326886491047,18.32469209441382,-0.10569819564294147,-0.1319724587422514
Syssphinx molina,-10458.12382021576,512.5326886491047,18.32469209441382,-0.10569819564294147,-0.1319724587422514
Eacles imperialis,-10458.12382021576,512.5326886491047,18.32469209441382,-0.10569819564294147,-0.1319724587422514
Automeris hamata,-10458.12382021576,512.5326886491047,18.32469209441382,-0.10569819564294147,-0.1319724587422514
Hylesia praeda,-10458.12382021576,512.5326886491047,18.32469209441382,-0.10569819564294147,-0.1319724587422514
Ostrinia nubilalis,-10458.12382021576,512.5326886491047,18.32469209441382,-0.10569819564294147,-0.1319724587422514
Rhodnius prolixus,-10458.12382021576,512.5326886491047,18.32469209441382,-0.10569819564294147,-0.1319724587422514
Libellula auripennis,-10458.12382021576,512.5326886491047,18.32469209441382,-0.10569819564294147,-0.1319724587422514
Libellula needhami,-10458.12382021576,512.5326886491047,18.32469209441382,-0.10569819564294147,-0.1319724587422514
Erythemis simplicicollis,-10458.12382021576,512.5326886491047,18.32469209441382,-0.10569819564294147,-0.1319724587422514
Erythrodiplax connata,-10458.12382021576,512.5326886491047,18.32469209441382,-0.10569819564294147,-0.1319724587422514
Pachydiplax longipennis,-10458.12382021576,512.5326886491047,18.32469209441382,-0.10569819564294147,-0.1319724587422514
Tramea carolina,-10458.12382021576,512.5326886491047,18.32469209441382,-0.10569819564294147,-0.1319724587422514
Miathyria marcella,-10458.12382021576,512.5326886491047,18.32469209441382,-0.10569819564294147,-0.1319724587422514
Pantala flavescens,-10458.12382021576,512.5326886491047,18.32469209441382,-0.10569819564294147,-0.1319724587422514
Perithemis tenera,-10458.12382021576,512.5326886491047,18.32469209441382,-0.10569819564294147,-0.1319724587422514
Brachymesia gravida,-10458.12382021576,512.5326886491047,18.32469209441382,-0.10569819564294147,-0.1319724587422514
Anax junius,-10458.12382021576,512.5326886491047,18.32469209441382,-0.10569819564294147,-0.1319724587422514
Daphnia pulex,-10458.12382021576,512.5326886491047,18.32469209441382,-0.10569819564294147,-0.1319724587422514
Triops cancriformis,-10458.12382021576,512.5326886491047,18.32469209441382,-0.10569819564294147,-0.1319724587422514
Euchaeta plana,-10458.12382021576,512.5326886491047,18.32469209441382,-0.10569819564294147,-0.1319724587422514
Calanus finmarchicus,-10458.12382021576,512.5326886491047,18.32469209441382,-0.10569819564294147,-0.1319724587422514
Balanus balanus,-10458.12382021576,512.5326886491047,18.32469209441382,-0.10569819564294147,-0.1319724587422514
Semibalanus balanoides,-10458.12382021576,512.5326886491047,18.32469209441382,-0.10569819564294147,-0.1319724587422514
Ligia oceanica,-10458.12382021576,512.5326886491047,18.32469209441382,-0.10569819564294147,-0.1319724587422514
Porcellio scaber,-10458.12382021576,512.5326886491047,18.32469209441382,-0.10569819564294147,-0.1319724587422514
Armadillidium vulgare,-10458.12382021576,512.5326886491047,18.32469209441382,-0.10569819564294147,-0.1319724587422514
Oniscus asellus,-10458.12382021576,512.5326886491047,18.32469209441382,-0.10569819564294147,-0.1319724587422514
Trichoniscus pusillus,-10458.12382021576,512.5326886491047,18.32469209441382,-0.10569819564294147,-0.1319724587422514
Gammarus locusta,-10458.12382021576,512.5326886491047,18.32469209441382,-0.10569819564294147,-0.1319724587422514
Bathyporeia pilosa,-10458.12382021576,512.5326886491047,18.32469209441382,-0.10569819564294147,-0.1319724587422514
Palaemon adspersus,-10458.12382021576,512.5326886491047,18.32469209441382,-0.10569819564294147,-0.1319724587422514
Oplophorus spinosus,-10458.12382021576,512.5326886491047,18.32469209441382,-0.10569819564294147,-0.1319724587422514
Pachygrapsus marmoratus,-10458.12382021576,512.5326886491047,18.32469209441382,-0.10569819564294147,-0.1319724587422514
Austrothelphusa transversa,-10458.12382021576,512.5326886491047,18.32469209441382,-0.10569819564294147,-0.1319724587422514
Menippe mercenaria,-10458.12382021576,512.5326886491047,18.32469209441382,-0.10569819564294147,-0.1319724587422514
Scylla serrata,-10458.12382021576,512.5326886491047,18.32469209441382,-0.10569819564294147,-0.1319724587422514
Callinectes sapidus,-10458.12382021576,512.5326886491047,18.32469209441382,-0.10569819564294147,-0.1319724587422514
Panopeus herbstii,-10458.12382021576,512.5326886491047,18.32469209441382,-0.10569819564294147,-0.1319724587422514
Xantho hydrophilus,-10458.12382021576,512.5326886491047,18.32469209441382,-0.10569819564294147,-0.1319724587422514
Coenobita compressus,-10458.12382021576,512.5326886491047,18.32469209441382,-0.10569819564294147,-0.1319724587422514
Euphausia crystallorophias,-10458.12382021576,512.5326886491047,18.32469209441382,-0.10569819564294147,-0.1319724587422514
Euphausia superba,-10458.12382021576,512.5326886491047,18.32469209441382,-0.10569819564294147,-0.1319724587422514
Euphausia pacifica,-10458.12382021577,512.5326886491094,18.324692094412086,-0.10569819564272875,-0.13197245874202004
Thysanoessa macrura,-10458.123820215762,512.5326886491163,18.324692094408892,-0.10569819564264044,-0.13197245874149635
Thysanoessa inermis,-10458.123820215762,512.5326886491155,18.324692094407244,-0.10569819564256687,-0.13197245874125205
