model,bootstrap_id,rmse
random_forest,0,0.967585628878223
random_forest,1,0.9686625482213392
random_forest,2,0.9828794262344456
random_forest,3,0.9993534574140744
random_forest,4,0.9717778965969218
random_forest,5,0.9650278283179864
random_forest,6,1.0105827104120404
random_forest,7,0.9794365480824101
random_forest,8,0.9647920605157752
random_forest,9,0.9752916305024489
random_forest,10,0.9442801756745559
random_forest,11,0.9572465258779285
random_forest,12,0.9782799061878954
random_forest,13,0.9859455115038374
random_forest,14,0.9744019472104303
random_forest,15,0.9823087080910233
random_forest,16,0.988299339874612
random_forest,17,0.9679939456322337
random_forest,18,0.9747530573212991
random_forest,19,0.9981304415504622
random_forest,20,0.9744759312154456
random_forest,21,0.9473321656043803
random_forest,22,0.9985019767204929
random_forest,23,0.98224013728391
random_forest,24,0.9540274468416231
random_forest,25,0.9711795437676821
random_forest,26,0.9774353606013866
random_forest,27,0.9878585240087837
random_forest,28,0.9974281149895167
random_forest,29,0.9712434491924248
random_forest,30,0.9797654172310513
random_forest,31,0.9478297602237342
random_forest,32,0.9858962107404134
random_forest,33,0.9610985533254325
random_forest,34,0.9489366348555814
random_forest,35,0.9699966899528221
random_forest,36,0.9857891747031889
random_forest,37,0.9967813118720222
random_forest,38,0.9797515032395901
random_forest,39,0.9678253978652225
random_forest,40,0.9639622708342632
random_forest,41,0.9804559651016717
random_forest,42,0.989514171141589
random_forest,43,0.9786835725022421
random_forest,44,0.9492034270357435
random_forest,45,0.9745756300239821
random_forest,46,0.9757525759071807
random_forest,47,0.9888043063028097
random_forest,48,0.9625918124668082
random_forest,49,0.9743594200390402
random_forest,50,0.9863937917609107
random_forest,51,0.9687752232286465
random_forest,52,0.9969785077311161
random_forest,53,0.9373203249098834
random_forest,54,0.9592073809019731
random_forest,55,0.9588226595153388
random_forest,56,0.9428213310739159
random_forest,57,1.0150119238626971
random_forest,58,0.9623820020319691
random_forest,59,0.9600813031565216
random_forest,60,0.9841756652683761
random_forest,61,0.9437021449580676
random_forest,62,0.972669660119279
random_forest,63,1.0041109600054021
random_forest,64,0.9954880324055014
random_forest,65,0.9848372282971314
random_forest,66,0.9443828610014194
random_forest,67,1.001241666950364
random_forest,68,0.9736291497514976
random_forest,69,0.9392306449101818
random_forest,70,0.9701986415137271
random_forest,71,0.9553660204210568
random_forest,72,0.9653847993126872
random_forest,73,0.9368384090046558
random_forest,74,0.9435278023904677
random_forest,75,0.9766645593335794
random_forest,76,0.9967024788691051
random_forest,77,0.9709298215978861
random_forest,78,0.9505614598558857
random_forest,79,0.9822826019545468
random_forest,80,0.9336583599692704
random_forest,81,0.9796714866519686
random_forest,82,1.0170548571426676
random_forest,83,0.9554233672813454
random_forest,84,0.9430193713619268
random_forest,85,1.0068048796023876
random_forest,86,0.9348940665651965
random_forest,87,0.9703850927719151
random_forest,88,0.9664613968543065
random_forest,89,0.9424011967057843
random_forest,90,0.9391622157636692
random_forest,91,0.9629877220855506
random_forest,92,1.012083552391882
random_forest,93,0.9339974955573062
random_forest,94,0.9720302804668487
random_forest,95,0.9466618934651472
random_forest,96,0.9464957052339648
random_forest,97,1.0005661436248794
random_forest,98,0.982331833423912
random_forest,99,0.982270756739159
random_forest,100,0.9707716905299631
random_forest,101,0.9654738499825014
random_forest,102,1.0044645242507035
random_forest,103,0.9701102712962608
random_forest,104,0.9809010811492351
random_forest,105,0.9861388443503523
random_forest,106,0.9570433919976299
random_forest,107,1.001310080269806
random_forest,108,0.9776946131937979
random_forest,109,0.9530140433355582
random_forest,110,1.0006239114522104
random_forest,111,0.9645850779082831
random_forest,112,0.9949846678230654
random_forest,113,0.9742146827128819
random_forest,114,0.9595921185882075
random_forest,115,0.9895583579652466
random_forest,116,1.0064510463780925
random_forest,117,0.9552212310876217
random_forest,118,0.9638699988325352
random_forest,119,0.9662231625851647
random_forest,120,0.9891553251620502
random_forest,121,0.966067746304784
random_forest,122,0.9806898680287565
random_forest,123,0.9622139756268216
random_forest,124,0.9387483376148262
random_forest,125,0.9565050207565482
random_forest,126,0.9667813195288378
random_forest,127,0.9605428672553472
random_forest,128,0.9926667107634138
random_forest,129,0.9710365333590056
random_forest,130,0.9815196946275776
random_forest,131,0.9703874511925373
random_forest,132,0.9619107426225991
random_forest,133,0.9828053966499056
random_forest,134,0.9709479443050946
random_forest,135,0.9824665857811159
random_forest,136,1.0067901690712255
random_forest,137,0.9634229728699789
random_forest,138,0.9783997046542411
random_forest,139,0.9689765966157238
random_forest,140,0.9561826677278799
random_forest,141,0.9657129785508863
random_forest,142,0.9742123317241295
random_forest,143,0.9963753857719754
random_forest,144,0.9352035262567652
random_forest,145,0.977860029126269
random_forest,146,0.9803491492260755
random_forest,147,0.9923036269571176
random_forest,148,0.9680472047448615
random_forest,149,0.9999556838647045
random_forest,150,0.9624720742572644
random_forest,151,1.003104868275528
random_forest,152,0.9750449092763267
random_forest,153,0.9654315352531982
random_forest,154,0.9607249613295944
random_forest,155,0.9749280905739732
random_forest,156,0.9567529302620403
random_forest,157,0.9917137509300523
random_forest,158,0.977948846296067
random_forest,159,0.9735602286247438
random_forest,160,0.9744740846890575
random_forest,161,0.957265639684473
random_forest,162,0.9598179154049153
random_forest,163,0.9673495079198546
random_forest,164,0.9887113644985007
random_forest,165,0.9777554302279242
random_forest,166,0.9779674769861212
random_forest,167,0.9824071830729016
random_forest,168,0.9642758822771291
random_forest,169,0.9629803928175442
random_forest,170,0.9532744218866565
random_forest,171,0.9707546034719731
random_forest,172,0.9767007942491339
random_forest,173,0.9794024791212576
random_forest,174,0.9773666606644579
random_forest,175,0.9809131998532904
random_forest,176,0.9599961722861344
random_forest,177,0.9555205855475989
random_forest,178,0.9589995591467521
random_forest,179,0.9683080421568739
random_forest,180,0.9650320069202911
random_forest,181,0.9639239187954646
random_forest,182,0.9683474143311913
random_forest,183,1.002083918815817
random_forest,184,0.9543101653589219
random_forest,185,0.9355719880012348
random_forest,186,0.9471284031154042
random_forest,187,0.9809815886772129
random_forest,188,1.010054565687095
random_forest,189,0.9594821419055117
random_forest,190,0.9521168337682838
random_forest,191,0.9618940283929057
random_forest,192,0.972719352236475
random_forest,193,0.9435727433665744
random_forest,194,0.9826724591185518
random_forest,195,0.9632796027608306
random_forest,196,1.004286490873193
random_forest,197,0.9864604843211584
random_forest,198,0.9797569131723185
random_forest,199,0.9586981152139666
xgboost,0,0.9391237523542455
xgboost,1,0.9452149584382054
xgboost,2,0.984208330251871
xgboost,3,0.9730713618582759
xgboost,4,0.977384167484122
xgboost,5,0.983608438779064
xgboost,6,0.9710899857074673
xgboost,7,0.9599359919775654
xgboost,8,0.9601446658887844
xgboost,9,0.9734375034994616
xgboost,10,0.9292211168474751
xgboost,11,0.9509251290287659
xgboost,12,0.9778310431055764
xgboost,13,0.9466920045092766
xgboost,14,0.9827775903263131
xgboost,15,0.9424297874861283
xgboost,16,0.9781733411674545
xgboost,17,0.9699823883636003
xgboost,18,0.9526302719405705
xgboost,19,0.9768494097770376
xgboost,20,0.9570421917107415
xgboost,21,0.9650387638600368
xgboost,22,0.9769347703979392
xgboost,23,0.9764724991064907
xgboost,24,0.9861208221328742
xgboost,25,0.9947218570104632
xgboost,26,0.9771528988764229
xgboost,27,0.9568204395794602
xgboost,28,0.953236118719494
xgboost,29,0.9348485350582189
xgboost,30,0.9319102723106965
xgboost,31,0.974230703541497
xgboost,32,0.984744367640755
xgboost,33,0.986888426268163
xgboost,34,0.9859431527687751
xgboost,35,0.9571878945509327
xgboost,36,0.9533841501416912
xgboost,37,0.9693011790514829
xgboost,38,0.9957768697535612
xgboost,39,0.9440391687405081
xgboost,40,0.9808748842484497
xgboost,41,0.9454296109507274
xgboost,42,0.9389363915507974
xgboost,43,0.9264788204888402
xgboost,44,0.9739768899211307
xgboost,45,0.9738926513063717
xgboost,46,0.9735537938935757
xgboost,47,0.9552102511450914
xgboost,48,0.9577958408610335
xgboost,49,0.954335603742817
xgboost,50,0.9876993227580777
xgboost,51,0.9406882305463814
xgboost,52,0.9740944922958269
xgboost,53,0.9340258867594916
xgboost,54,0.9791798680618714
xgboost,55,0.98609910496944
xgboost,56,0.9518905423485885
xgboost,57,0.9696135255685085
xgboost,58,0.9742641039095861
xgboost,59,0.9527293260018608
xgboost,60,0.9425074557714167
xgboost,61,0.9695892837028407
xgboost,62,0.9271502871022513
xgboost,63,0.9710786933947636
xgboost,64,0.9518147537261396
xgboost,65,0.9729925541715616
xgboost,66,0.9307319255668571
xgboost,67,0.9686474317569475
xgboost,68,0.9439242854319306
xgboost,69,0.9496760761290318
xgboost,70,0.955964295710428
xgboost,71,0.9820930587783127
xgboost,72,0.9584749357297343
xgboost,73,0.9437542398633181
xgboost,74,0.9512734051781985
xgboost,75,0.9780076846110142
xgboost,76,0.9750432549575097
xgboost,77,0.9601078185879095
xgboost,78,0.963588222118741
xgboost,79,0.9561843597491374
xgboost,80,0.9851969966607436
xgboost,81,0.9565943009015767
xgboost,82,0.9611741350455892
xgboost,83,0.9522436029351653
xgboost,84,0.9708347429728944
xgboost,85,0.9958949030647931
xgboost,86,0.948515125377767
xgboost,87,0.967775781050783
xgboost,88,0.9614543580035692
xgboost,89,0.945500087801417
xgboost,90,0.9702192816495874
xgboost,91,0.9598568653325742
xgboost,92,0.9525817451395363
xgboost,93,0.9783944349640648
xgboost,94,0.9569485027463165
xgboost,95,0.9609613940527381
xgboost,96,0.933254964025998
xgboost,97,0.9687799086663703
xgboost,98,0.9511572539531419
xgboost,99,0.9684951384283411
xgboost,100,0.9558937522363193
xgboost,101,0.9493578482878938
xgboost,102,0.9757759294254944
xgboost,103,0.9759858987471376
xgboost,104,0.9751584562742264
xgboost,105,0.9522707922061093
xgboost,106,0.9782512122885296
xgboost,107,0.9870984161719815
xgboost,108,0.99442188629895
xgboost,109,0.9796772649966073
xgboost,110,0.989283913991631
xgboost,111,0.9492805892756194
xgboost,112,0.9578869008220393
xgboost,113,0.9559395021201237
xgboost,114,0.9846404805356782
xgboost,115,0.9904859196951727
xgboost,116,0.936208204755488
xgboost,117,1.0032429557497693
xgboost,118,0.9452253357803029
xgboost,119,0.9558196996188337
xgboost,120,1.0191413279410664
xgboost,121,0.9522278387674106
xgboost,122,1.0031017969096667
xgboost,123,0.9145932623530573
xgboost,124,0.9401088755308802
xgboost,125,0.9468793266738526
xgboost,126,0.9390889253691999
xgboost,127,0.965665024922775
xgboost,128,0.9588852070281819
xgboost,129,0.9439809183680162
xgboost,130,0.9420972016087321
xgboost,131,0.9420392386649671
xgboost,132,0.9609354186643494
xgboost,133,0.9402509166004405
xgboost,134,0.9580048994705498
xgboost,135,0.9766118459147628
xgboost,136,0.9756252456725111
xgboost,137,0.9330307398975899
xgboost,138,0.9654059977106603
xgboost,139,0.9453505773696678
xgboost,140,0.9702337787330123
xgboost,141,0.9882657291550392
xgboost,142,0.9492304429527467
xgboost,143,0.9625311051503421
xgboost,144,0.9451055215873296
xgboost,145,0.9707390023777394
xgboost,146,0.967959739049155
xgboost,147,0.9987575380258338
xgboost,148,0.9812625166503363
xgboost,149,0.9665593361384825
xgboost,150,0.9382803979668152
xgboost,151,0.9812543338211168
xgboost,152,0.9576088153421944
xgboost,153,0.978065806187525
xgboost,154,0.9796260124912226
xgboost,155,0.951286499455724
xgboost,156,0.9254118646037153
xgboost,157,0.9736927902998075
xgboost,158,1.0005428632237314
xgboost,159,0.9749115367471938
xgboost,160,0.9598078529354159
xgboost,161,0.9347986626464697
xgboost,162,0.9611662433175221
xgboost,163,0.8982700954584107
xgboost,164,0.970176876624945
xgboost,165,0.975736952961031
xgboost,166,0.9730651719209813
xgboost,167,0.9880137226845322
xgboost,168,0.941056915570809
xgboost,169,0.9565125186583937
xgboost,170,0.9220325050132397
xgboost,171,1.0012258958154239
xgboost,172,0.9620176546202592
xgboost,173,0.9368619985823011
xgboost,174,0.9690906691949482
xgboost,175,0.9786762331703323
xgboost,176,0.9502106130577747
xgboost,177,0.9718759044538354
xgboost,178,0.9513985799543236
xgboost,179,0.9610729886097319
xgboost,180,0.9806664764536365
xgboost,181,0.969037386070979
xgboost,182,0.964748315124171
xgboost,183,0.9279499791090215
xgboost,184,0.9910726374401406
xgboost,185,0.9990768760829244
xgboost,186,0.9651436691303872
xgboost,187,0.9584585505497858
xgboost,188,0.9433968578192438
xgboost,189,0.9648659197104058
xgboost,190,0.9535011490010661
xgboost,191,0.9622523418336675
xgboost,192,0.9744803624359945
xgboost,193,0.9683391660906702
xgboost,194,0.9438142134363802
xgboost,195,0.962364270174844
xgboost,196,0.9779849895598705
xgboost,197,0.974862811426399
xgboost,198,0.9631715594443586
xgboost,199,0.9412870905651869
