taxon_name,M0-L,M1-L,M2-L,M4-L,M4-PGLS,M0-RF,M1-RF,M2-RF,M3-RF,M4-RF,M0-XGB,M1-XGB,M2-XGB,M3-XGB,M4-XGB,Residual-RF,Residual-XGB,M3-L
Abrothrix andinus,0.07726579374771066,0.08150792807099229,0.29333470389195876,0.40657010303175833,0.15763261889136568,0.09274601784037424,0.09274601784037424,0.6534105809002835,0.7572982082819594,0.7250764432803195,0.09500314056370632,0.09500314056370632,0.5838328372450352,0.9198400896668001,0.8020207270484979,0.6950854200100457,0.7341441426349745,0.6445991775973868
Acanthagenys rufogularis,0.05221628844927163,0.056726445662219974,0.12701712653618466,0.8042379829453488,0.07013303715270007,0.053371250615759945,0.053371250615759945,0.1805905266817866,0.7103434844338209,0.6201002333158065,0.05543942264345942,0.05543942264345942,0.34645763836511556,0.6497310011240645,0.7725851669315387,0.8367329441915266,0.9339128302081777,0.8754019148542769
Acanthodactylus opheodurus,0.8252445888824095,0.9598048149948342,0.5007522768542692,0.8990544357505323,0.6578197535805351,0.39721206694606537,0.397212066946065,0.9346084884019358,0.8288228546246867,0.9084555419377758,0.3468739087960913,0.3468739087960913,0.6622112186233569,0.8384081005490547,0.9900278675412152,0.7747919062232581,0.7109735243550646,0.9450215148820836
Acanthodactylus schmidti,0.8128604077249755,0.7660009121767789,0.4382399082950791,0.6747719912793301,0.7132731064632728,0.8257668645824467,0.8257668645824484,0.4390158050688251,0.8429254407638531,0.4143072140896918,0.8474565745255214,0.8474565745255214,0.45056258952664346,0.5903919093902672,0.4230280633375545,0.7694143202872604,0.5091521888243444,0.9055646987599201
Acanthopagrus schlegelii,0.5170968206364928,0.6000713640891986,0.551631017411521,0.5439140067632148,0.4983786279895187,0.5973926929793262,0.5973926929793263,0.6006270059651004,0.5906606002944708,0.5756550365421292,0.5947172125629498,0.5947172125629498,0.5947968351364101,0.5994698548729185,0.6020244081245875,0.5701275964062066,0.600004221669702,0.5952114728592348
Acipenser ruthenus,0.6017117969931125,0.490847145145246,0.6625893825371488,0.6598216792312459,0.4860920217997199,0.4673306723602846,0.4673306723602846,0.6126498242328622,0.43943571181759533,0.6575300095368506,0.42797468327947663,0.42797468327947663,0.6367480090970219,0.6319483129214154,0.6732091379034592,0.6988903820627868,0.6698674041418802,0.6302540368127671
Acomys spinosissimus,0.09476843300428743,0.0968061594571585,0.31822684387233563,0.43758065866263274,0.17844052564075738,0.1268192181518038,0.12681921815180386,0.7504081514090084,0.9848424410351512,0.9613266534580704,0.16079862936681866,0.16079862936681866,0.6522649813320938,0.9582659294998638,0.9714057634994342,0.7730198262130752,0.8600468991597275,0.728721121302929
Acris crepitans,0.09588368231924586,0.13553965190397832,0.2058006704518319,0.17089308266949463,0.2109789679119502,0.278190206808321,0.27819020680832157,0.5884978794031256,0.7797295243828564,0.6003814616176012,0.2829311362340286,0.2829311362340286,0.3588964443894961,0.8611972170951001,0.5335435026477178,0.34207395157693543,0.4929802973800821,0.332611662392123
Akodon azarae,0.09393651810206356,0.09424356167441132,0.3391264900359954,0.4690599698224794,0.1915148624653826,0.06771072367502233,0.06771072367502219,0.825820931810541,0.8851854480555968,0.8658249312991286,0.08258194437447042,0.08258194437447042,0.5638490500555516,0.9001877537767632,0.9433098089108072,0.8006673397203994,0.8870760545444717,0.7555825575295391
Alburnus alburnus,0.5610065355303142,0.6599608136752537,0.9080128965865186,0.7913043133985336,0.8113186839236466,0.5594192073987322,0.5594192073987317,0.8231081088431702,0.842367168204667,0.8665384907761062,0.539739833043045,0.539739833043045,0.685777048639237,0.7666088372751906,0.787827156469094,0.881550188348909,0.8396711156211326,0.8623290191400365
Alophoixus bres,0.07922986851517777,0.08370455901899956,0.2164055766351991,0.8926824640648812,0.12075890165504095,0.09428725176343039,0.09428725176343039,0.40345004120899686,0.9401391764433632,0.7041330710873014,0.09658188288001432,0.09658188288001432,0.4883596099848613,0.7990110853884447,0.8552833799273839,0.5139621091207993,0.7642037160612544,0.5368018071845969
Amara quenseli,0.016700848773373807,0.043231352426118586,0.030148923100949663,0.024251251349436245,0.01863254604190847,0.04589635722094814,0.04589635722094805,0.023223093702129372,0.022439921178983725,0.027294383525123436,0.027513930885303975,0.027513930885303975,0.0254043192300489,0.01450562853162723,0.026891845089324424,0.021880915166584764,0.0261969694345844,0.02203847259005656
Ambystoma jeffersonianum,0.26119123732645066,0.31055123435122883,0.47133494619966243,0.48221303807916016,0.573385744947101,0.2884617237258364,0.2884617237258366,0.4095616378207032,0.5439641774419129,0.47223769109820124,0.2697587761090007,0.2697587761090007,0.5355340009589561,0.6941014067911034,0.7650146316008328,0.7090580653321694,0.6899760519275153,0.717651579468009
Ameiurus melas,0.300025262639298,0.24033017198460813,0.3033314650456756,0.30699309369569744,0.37980842469831305,0.1467471231488823,0.14674712314888222,0.37285571312281446,0.3664711423222786,0.44732135416386803,0.21252630545024606,0.21252630545024606,0.25578992030191244,0.5242223817475621,0.6605688571330397,0.2981416350171986,0.32505438848800644,0.2979489524349029
Ameiurus nebulosus,0.46067008873666854,0.4795450832682447,0.45656600155723387,0.4422051567896438,0.44005113341055074,0.4726165905870873,0.4726165905870871,0.5332892630156334,0.5350115755389878,0.5856934847687848,0.4826467292836729,0.4826467292836729,0.5615255228368206,0.6178339287114314,0.6268056262268547,0.43458372438033044,0.4912005765645126,0.44546405648745635
Anas crecca,0.0737780724938471,0.10059084904942668,0.11965763201148513,0.8005723971550539,0.056882318913274325,0.11368289528208068,0.11368289528208063,0.1366139081764206,0.6171152655771799,0.5567502462116652,0.11216252002973641,0.11216252002973641,0.7048678133850812,0.9980478318492191,0.7297847052084909,0.8811400763018363,0.7404369806978528,0.7887109739573105
Anax junius,0.48183808585547105,0.32174593060873335,0.5663579258337772,0.7320407728691145,0.5197152357721828,0.3182905752984334,0.3182905752984331,0.5394870295616337,0.5781121390419273,0.5511946025488054,0.3806523604349461,0.3806523604349461,0.5535068394937179,0.7923721727227604,0.643372565871043,0.6331162431290897,0.6368676238959885,0.6172862751589709
Anaxyrus cognatus,0.3237157303678045,0.309731062586627,0.23393140704936355,0.21155843597142937,0.32892371459965325,0.24347806497563507,0.24347806497563512,0.291144862429647,0.30945534217413734,0.23089778036910164,0.2584432915912113,0.2584432915912113,0.33960708605547174,0.4459985286293375,0.283741503183465,0.40656187329232535,0.35235099488810545,0.43857771566681225
Anaxyrus retiformis,0.10090078614382254,0.09060954273646499,0.14034979448296428,0.18169728839000043,0.09772322179629188,0.07116514581061555,0.07116514581061555,0.08871433897324814,0.07896262471926865,0.07534127797744347,0.04971420357613815,0.04971420357613815,0.0608783541216856,0.09266267906662012,0.126963229793428,0.06344830041522055,0.07418542985490623,0.05990588000906167
Anniella pulchra,0.3489631755299459,0.42853632467827873,0.3640248182198175,0.5540571899034213,0.4581421697884249,0.6289874056479096,0.6289874056479096,0.5566362887850677,0.552291027285139,0.6031972511318807,0.5681571623378747,0.5681571623378747,0.49994044566614965,0.5814691946088153,0.6563263518151135,0.5499740514204644,0.5672809219646284,0.625672800348452
Anolis acutus,0.8430598241488129,0.6785602664550929,0.708272392747308,0.7898437987993667,0.9453070823933848,0.4320728398692406,0.43207283986924105,0.6823561294435977,0.8648387682711642,0.9059056062398873,0.35432615146676016,0.35432615146676016,0.7997668823539272,0.9900496707770672,0.8073242606223772,0.9084944267679178,0.9900426733150645,0.6651950958289208
Anous minutus,0.08924460033118556,0.10660516524471537,0.20336712399978404,0.7863771831560319,0.10418927995947715,0.12817575568221462,0.12817575568221454,0.13657430668197365,0.7675299341257261,0.7803640709496987,0.15383339499476342,0.15383339499476342,0.3951763571958665,0.6568166791894906,0.5981550022564359,0.5114576613531021,0.6279978585631454,0.5299097921390815
Antechinus flavipes,0.13777546041120928,0.15102140626900418,0.4532321745498612,0.6208972927839853,0.23959376123826243,0.21505605064820446,0.21505605064820435,0.9941774362281437,0.8911288863147756,0.9390326141921207,0.1963561934716569,0.1963561934716569,0.9599664001059987,0.849019157625111,0.8555321532878635,0.8680573267758274,0.8211930934768861,0.9508313246445871
Antechinus stuartii,0.1432254966472293,0.15214047979562206,0.43452740115746014,0.5923533290281703,0.23834639337139144,0.16276482474343748,0.16276482474343748,0.8688015577174344,0.9860301843380921,0.9040656655297868,0.08124571718689608,0.08124571718689608,0.7377685995853135,0.9291494629023882,0.7549634480932454,0.8872373209850387,0.7871142559101622,0.965991991604518
Apis mellifera,0.5488237616252727,0.2691595069935684,0.3861814976075916,0.4848796962105395,0.4934941217176097,0.12643839094681927,0.12643839094681927,0.34087732218281097,0.4197520529134066,0.35638343279807483,0.1623278770013582,0.1623278770013582,0.24280807339205707,0.38181905609740974,0.24280247500152496,0.5064980206102825,0.4901502713467966,0.4947441691970564
Arvicola amphibius,0.09623901142320113,0.11612667858192738,0.4123015922719515,0.5740787815058902,0.19430231357028757,0.11499186559084884,0.11499186559084879,0.8179082940551976,0.8475434828895143,0.8905935983753138,0.10737210039678584,0.10737210039678584,0.9720728730486864,0.9286101580833205,0.912740977600651,0.9426774755912872,0.8908845047805486,0.8774942137314343
Austrothelphusa transversa,0.19415023818270655,0.22513619095808576,0.22985719098532728,0.18395902990187957,0.3003766866717291,0.2355521474604942,0.23555214746049433,0.2922257254369908,0.3133811627621352,0.2787975997819725,0.24850527829273958,0.24850527829273958,0.25021014249780965,0.46279623687758215,0.2395392204834927,0.30392644772277705,0.3534300718165596,0.31440439993871694
Bathylagus antarcticus,0.1179974348269032,0.11543064983277332,0.6135932087670198,0.5499138950069461,0.7804139560084647,0.09040989565242767,0.09040989565242771,0.6631729253928881,0.6796857837605206,0.4820843459784322,0.09556546657522924,0.09556546657522924,0.897061312401568,0.9851815906365424,0.7125556838196736,0.3797633528860899,0.4135000157128248,0.4027085433805146
Bathyporeia pilosa,0.42397422195463674,0.4671312740121786,0.4647980087245799,0.4874234432135368,0.6463136322294505,0.32791343452477556,0.32791343452477584,0.2563585526853795,0.5050725643193774,0.5583107574550216,0.45205627103032475,0.45205627103032475,0.5913375257835723,0.581098946342844,0.6369533442545907,0.5294788797797059,0.574201060768377,0.4715340942673776
Blaberus giganteus,0.621122608618102,0.7710021692896769,0.5367154451404046,0.418743651742099,0.6862027216450011,0.8275613770513242,0.8275613770513242,0.825298442345083,0.784015908298369,0.79607151363259,0.6731361202983096,0.6731361202983096,0.9380582069567802,0.8794679105686611,0.9200184724932537,0.4622136556553402,0.42264826928823335,0.480210411816091
Blatta orientalis,0.6603331578636673,0.8718988017821889,0.7990629395789829,0.632186513787627,0.7327987472014394,0.6252082551275601,0.6252082551275601,0.927168367813969,0.8413056614401009,0.9744507268030645,0.8870548509895834,0.8870548509895834,0.9895320526924876,0.8514155452468897,0.9706716408630653,0.6371980860231218,0.6864411354633249,0.6518486417828975
Boissonneaua matthewsii,0.015573324838343157,0.013401480533189517,0.019254608921362514,0.23062549028469104,0.014108748481807059,0.03202599413630094,0.03202599413630094,0.018507314087481304,0.8209801811148705,0.9797617104436586,0.02522934662754352,0.02522934662754352,0.01932708249668454,0.714426546427553,0.967035881426561,0.5654855674492036,0.924637842702058,0.21633834754274567
Bradypus variegatus,0.24680487769227463,0.4788003957207282,0.8066357168481298,0.7817969730224414,0.3792324410398595,0.6080275914715778,0.6080275914715784,0.8939499548353451,0.6811266989302269,0.8734594300402303,0.7975290521998517,0.7975290521998517,0.5336869413469834,0.9985522953337903,0.8800637941118492,0.6344436296746521,0.7873050338461568,0.38559810401502814
Calamospiza melanocorys,0.058696935996695156,0.061443146332382605,0.1279278826272679,0.92177786527141,0.07391061808291505,0.0593990881227495,0.0593990881227495,0.05788177003944956,0.6841298617275858,0.6534066854865235,0.06860978038349447,0.06860978038349447,0.0867319676497696,0.8327261252131992,0.7000421009103331,0.813701845798749,0.9689125527475786,0.8382771739161912
Callimico goeldii,0.14441195160590087,0.21845832653652975,0.6989790444834075,0.9749464810276802,0.2666798707516255,0.16038953658255808,0.16038953658255808,0.9313658611367909,0.8896838980403213,0.8963822323712798,0.175363431297667,0.175363431297667,0.9237546952024213,0.9211315979909857,0.9117394532430816,0.9405359624524726,0.8575258156693336,0.6890629780411204
Callipepla gambelii,0.13193940427918027,0.16761608990918753,0.7314887733704244,0.8552533649484843,0.31970533820149444,0.14313349028536643,0.1431334902853665,0.5208313290792035,0.81086956442373,0.8550813586181383,0.12884818997333136,0.12884818997333136,0.4543685720919194,0.8550634800550061,0.7905594661420807,0.23004781095282179,0.26572373850614983,0.206427121066712
Calomys musculinus,0.10479741015381581,0.10073797017796025,0.3265031490167904,0.4473716861323616,0.19474785594664737,0.06477228862051221,0.06477228862051221,0.9462794613263402,0.9035337765451223,0.9438665989406396,0.08602217737682155,0.08602217737682155,0.594455788933338,0.9531888650804717,0.9351383215416286,0.8099989605969952,0.9302344866087218,0.7640892490008095
Calomys venustus,0.09253139368958341,0.10225349134873914,0.3731707759905952,0.518748865115723,0.19121459971876156,0.13611754463359432,0.13611754463359432,0.9813571957767653,0.8864348017257976,0.9473597230795204,0.14911336047270785,0.14911336047270785,0.738913632323716,0.9077428871658796,0.8934173419606833,0.8856984411675449,0.9609414918846155,0.805625630681509
Camelus dromedarius,0.14022578818567905,0.49899953950705184,0.5389058651689317,0.3688605567066573,0.29848819477353844,0.6283682309843264,0.6283682309843264,0.2969528883954097,0.5918254296634428,0.580202831688365,0.16923163377434672,0.16923163377434672,0.31713484680762155,0.28866383159188935,0.27454395207016513,0.42274930425357954,0.4873360342822765,0.3462827245532287
Canis mesomelas,0.07650103630603965,0.16276130003309064,0.5706997967024409,0.8127454932153781,0.1537314549727808,0.11981691131166851,0.11981691131166854,0.49697449354111334,0.4942257295536214,0.41440551207358306,0.1563388806126076,0.1563388806126076,0.9875072150448543,0.4594951941932796,0.5124293573673274,0.7554780615819471,0.6894626955666516,0.9575048111369407
Centropus senegalensis,0.06238817125007567,0.08121538796880552,0.0965986069511364,0.8361121817590206,0.04807110803445382,0.06544797572160047,0.06544797572160042,0.08847849326941104,0.5953296744006851,0.5501419407860245,0.06746360436447611,0.06746360436447611,0.5011105822988601,0.7827695130386453,0.9872405528818462,0.9277464648048181,0.8652791885761424,0.9646307430766259
Chaetodipus fallax,0.12145680215101361,0.11901864151368381,0.2989681586367354,0.4024080796439902,0.1803261882529516,0.1395364657265111,0.13953646572651093,0.47815463613719905,0.8499835785457036,0.9259227300244256,0.233145010318117,0.233145010318117,0.9014863588395884,0.9551633050613952,0.8863018465425216,0.8069383842103661,0.941470020642512,0.7623999535577417
Chaetodipus hispidus,0.11205627353532613,0.12025713008831726,0.37119225292764585,0.509107300017176,0.1997090200490507,0.17271836492828133,0.17271836492828133,0.9372976696108172,0.9084039735324156,0.9386373468025982,0.19137041808673774,0.19137041808673774,0.7980856676795934,0.9959093687337984,0.7944391240817577,0.9344206919111899,0.9939749979198129,0.857686566814726
Chaetophractus villosus,0.23993683095876497,0.4765083383235453,0.6982531360928127,0.7592078858182456,0.4205757650527689,0.6840154053176627,0.6840154053176634,0.8075258804795411,0.6431829955271067,0.8155226986107564,0.6179962272662842,0.6179962272662842,0.3539388715810688,0.7063817919730854,0.6558149960924932,0.5840438136172682,0.7004319623302734,0.3543388177550927
Chalcides sepsoides,0.3702127761338847,0.42868304214952535,0.20599177101006588,0.3099884451842591,0.2947641336825683,0.5218887980846169,0.5218887980846169,0.25365822181131426,0.2854172995249368,0.2959367814088174,0.590110430366842,0.590110430366842,0.37726930716006,0.31994756782477296,0.40747648843363427,0.4277017539708346,0.4674097005571309,0.44577085880391654
Chalinolobus gouldii,0.12048474999529488,0.11634300532063345,0.371840476889897,0.5090672220379131,0.2211658346469049,0.2309788908048383,0.23097889080483866,0.7848881156118565,0.9374014006469351,0.7988671331818264,0.1879573030609624,0.1879573030609624,0.9579570598027224,0.8012014904833616,0.7324795051653351,0.9259528733602168,0.9403794756123109,0.8734710413634253
Channa punctata,0.0672983622292483,0.07280365399575306,0.04699854740167438,0.03625981270880004,0.06945980066904865,0.07872452599470985,0.07872452599470993,0.08623632248268608,0.10601224426808754,0.08942906257740277,0.11515654587670773,0.11515654587670773,0.09308607981885854,0.12572690114515167,0.043507871764484035,0.06126246941691813,0.05761179303968722,0.06378575160758171
Channa striata,0.25741174349931845,0.21817342142158425,0.10475683011357509,0.07829801148677412,0.20410027234026884,0.3135081088691079,0.3135081088691079,0.18034767134024984,0.2367880297353774,0.12156556640200084,0.2617561356566802,0.2617561356566802,0.14602177663492424,0.22710742622055183,0.0745707364607258,0.1557000128487259,0.14490957752733186,0.16898706590457768
Channichthys rhinoceratus,0.5160822977808641,0.3896365802892299,0.7664720803186345,0.8941209034697846,0.44160637074129355,0.4932350742681803,0.49323507426818053,0.8577452744790042,0.9751616980646813,0.785589440321156,0.43288081500640146,0.43288081500640146,0.8647222998941507,0.9755099452797001,0.9915054341537703,0.7895531202794502,0.9849912907662622,0.9220426095906838
Cheirogaleus medius,0.12947276495567311,0.1807513735396983,0.5389641999777903,0.745415303728383,0.22448326230289087,0.19717132558779554,0.19717132558779554,0.5240251238925185,0.9147978865249494,0.697619434691448,0.23351541823549068,0.23351541823549068,0.662043151332936,0.989613204630695,0.6204602566984949,0.9534524321828608,0.9257036169126831,0.8524226519053933
Chromis atripectoralis,0.14353533444087363,0.12180846626791281,0.2620720540514012,0.17031945489175865,0.1856770987586679,0.17879573577603478,0.1787957357760347,0.38385419765710127,0.21816612731420723,0.2601196485466831,0.25984718781332694,0.25984718781332694,0.38270634690226923,0.22872139129358993,0.2624009639208873,0.180469514090788,0.17198387698784073,0.17555722766264925
Citharichthys stigmaeus,0.3129586936136703,0.3306463153752584,0.5016875561592071,0.6226156837872848,0.685953121218292,0.3128348101829591,0.3128348101829585,0.5083987728170222,0.5073848920828297,0.5222132600951725,0.30282459281160046,0.30282459281160046,0.6593152055077857,0.4647432234755577,0.7278271044684992,0.5131974699572129,0.7991683483863563,0.5048205190294961
Clarias batrachus,0.324127147166492,0.27697046748167037,0.1786952330702247,0.2655795180126357,0.33348615123336806,0.22312249535506162,0.2231224953550614,0.2526166656254008,0.3215002087379609,0.3616830492860029,0.19399360559203513,0.19399360559203513,0.20358083808002833,0.2856015602771736,0.3215340134539789,0.25130604238019694,0.3202053040022341,0.2587745185617683
Coenobita compressus,0.4714746032722732,0.5991119915147547,0.611802025060761,0.4913503698103281,0.7303934676600501,0.6636762216576384,0.663676221657638,0.8616241094898729,0.8150694913107042,0.8446750309345072,0.6826278494985216,0.6826278494985216,0.8111955843740102,0.733135242552334,0.7927376353183928,0.7885705136164384,0.8284923882522917,0.8171968396375846
Corydalus cornutus,0.17859874163075148,0.10286808826956823,0.14765019498426715,0.18662807488664365,0.16093818203238924,0.07356403196642092,0.07356403196642092,0.12690601715113523,0.13985790204523305,0.12074827546572217,0.10437375207218359,0.10437375207218359,0.1164315521413201,0.13819720046768721,0.11421237488743627,0.18513688408558537,0.17185576751893591,0.1809758594709324
Cracticus torquatus,0.08295974192062261,0.09958833897248062,0.22304463133473876,0.9742347363674492,0.11157388985446164,0.11657440723166182,0.11657440723166188,0.412346119545837,0.9031877098935425,0.9335202009722696,0.14924072866056115,0.14924072866056115,0.943915459499784,0.9959268385887474,0.8411911487787226,0.4956125036047715,0.6846815441678678,0.5123925328913851
Cricetulus migratorius,0.10435052973836274,0.10838507212711762,0.40099722422587664,0.5565597815577138,0.2181044982574033,0.10136676156985293,0.10136676156985293,0.7939715466853384,0.8644942836173595,0.8816679082239552,0.10581649775915598,0.10581649775915598,0.5298260140377735,0.8260654432679401,0.9017903379576725,0.9313448041157569,0.95596431797755,0.8762327323342184
Crinia signifera,0.8808249609062306,0.6822189029409763,0.9793148850855548,0.8064360465300718,0.9769296121758243,0.6286448112465503,0.6286448112465503,0.8710645498062782,0.547048636503621,0.9523465414304365,0.5829134889209775,0.5829134889209775,0.5989476939997943,0.39445344254625636,0.7136749483551635,0.4944103009973883,0.43209177878020716,0.4795390874871392
Crocidura russula,0.08864223984760813,0.08000733583334396,0.23331595149986453,0.31640479727182136,0.14997195587863224,0.10089963737146562,0.10089963737146562,0.6841021728462898,0.9305107730487617,0.7192209855603021,0.12545671996964441,0.12545671996964441,0.25748514138550177,0.7867543446754831,0.3830754965695336,0.6115300818295778,0.6616533924294971,0.5769126878258787
Crocodylus porosus,0.1524382262250606,0.2488844616497197,0.5995810663849517,0.4525704544331918,0.21938097168486015,0.2034573873219043,0.2034573873219043,0.4815074361386706,0.1936074735873736,0.3634136272544307,0.14393471263574198,0.14393471263574198,0.5987800507487164,0.21539602212867912,0.7520496487163749,0.20164521441066802,0.32046683999319486,0.22081524623895374
Ctenomys fulvus,0.13356137858585226,0.18645931165147825,0.6220399142717334,0.8673970140389872,0.25566382741418175,0.20339778850109433,0.20339778850109433,0.8158614478290604,0.927795332314177,0.9057439253409328,0.24088958933766405,0.24088958933766405,0.6473503466888808,0.731043415086518,0.9879006397437107,0.8608379164894296,0.835446338376899,0.7688400426583105
Culex tarsalis,0.08504282770520157,0.025656088640889002,0.0367666049353405,0.04524082667484521,0.07597509715331265,0.0247114065760679,0.0247114065760679,0.04521571106119125,0.026336898683935055,0.025589830183135702,0.033395522555094266,0.033395522555094266,0.05133469651811093,0.035582937827986834,0.03688037057742363,0.05044943399098113,0.04205917002447577,0.05383642058450292
Cuniculus paca,0.11947543740166049,0.2598805649199252,0.904972067556634,0.7756025722353019,0.2386936764346828,0.8393736597393067,0.8393736597393067,0.9624237821724785,0.9509967118968066,0.9995988384149582,0.5355875929083006,0.5355875929083006,0.5268386276731896,0.9596127836995274,0.8074819309198623,0.8373388642951066,0.9751147432507109,0.6060059897742839
Cyclothone microdon,0.043005662080217215,0.06667644818357178,0.35483252239046564,0.3358739219771024,0.2861847563736329,0.08055500821977557,0.08055500821977574,0.2758671704218448,0.3239116551302188,0.36775206862893256,0.09258504525616224,0.09258504525616224,0.40081650419175546,0.2137990029247549,0.22592354681220625,0.21718411621043776,0.30662608221499094,0.20517879995442756
Cynopterus brachyotis,0.11208658694274058,0.11944017933284794,0.39542472939631174,0.54496588093265,0.21247288217486726,0.14507172976902966,0.14507172976902966,0.9901862119884773,0.9214750185367141,0.9706971836836567,0.19944448811111784,0.19944448811111784,0.8429319616326985,0.8555879896615972,0.7448990604690304,0.9760688678110678,0.9108855739901773,0.8928006937895314
Cyprinus carpio,0.5518944096468845,0.48676651374776747,0.512666421591003,0.5146680727790475,0.5149863921983696,0.5019909465881197,0.5019909465881198,0.5223392248473577,0.5234367623080667,0.524616171368985,0.5092439701678675,0.5092439701678675,0.4977371953082089,0.5263099218726061,0.5246171034435082,0.5428849382355765,0.5350121757956745,0.5260569993971838
Dasycercus cristicauda,0.2190031313119917,0.2610750125557274,0.9398518838511257,0.7637703928252364,0.4475253520721071,0.3263642594042533,0.3263642594042533,0.47785297138013816,0.47660779229451317,0.46361872056092257,0.47947992943463447,0.47947992943463447,0.2861207799906928,0.3805603154142105,0.41360486297237414,0.45413547613217775,0.4516211394105465,0.5007464724684887
Dendrobates auratus,0.28385659326690105,0.258360466864318,0.2580844446885171,0.27630770840611035,0.2842086313388038,0.24423477932533827,0.24423477932533805,0.32844330990261605,0.35578975090594095,0.363994368320627,0.2344783821627397,0.2344783821627397,0.2630480057895583,0.30388057585482997,0.3393587273012118,0.30352495128702905,0.30608749891064074,0.31357011653322503
Desmognathus fuscus,0.2948779326035826,0.41107561094654804,0.41987834727220613,0.3385125716638162,0.45738048982472224,0.4971049766931297,0.4971049766931292,0.45697024452449314,0.6424073223998762,0.5873759819049799,0.33282089612544974,0.33282089612544974,0.335528860749252,0.5974389098026829,0.4911717544895864,0.7370947516305955,0.7781738399539486,0.7849764189756623
Diadophis punctatus,0.5428078201813219,0.6723893593882043,0.3231516578959071,0.5771791715383635,0.43257370871829415,0.8076423429314256,0.8076423429314256,0.6628270752866562,0.5293920991958542,0.5139367902145815,0.7610453767380897,0.7610453767380897,0.5821424089704758,0.4702574358142058,0.5766929624403975,0.502620278755918,0.4612202426601612,0.686456837841341
Dicentrarchus labrax,0.4334557654578648,0.5603836504827143,0.43664185073248835,0.5529039930224102,0.22668941590422492,0.4853269135635022,0.4853269135635027,0.3855453117726263,0.3422506700383284,0.39144927989796596,0.4156720200592145,0.4156720200592145,0.3794976343093383,0.313323394758126,0.4658062280404165,0.3370731065672041,0.39601241765669043,0.3613538667568202
Didelphis virginiana,0.1406647981149003,0.2675760957774354,0.7872737071955601,0.9076170116816548,0.24186851421555683,0.44086094190786607,0.44086094190786596,0.6973251886119444,0.9163348739781125,0.9280867253647216,0.3512064222394082,0.3512064222394082,0.8109178414758482,0.6872241652958097,0.7362585061962857,0.8679827972013344,0.8801747924882394,0.6321880584152725
Dikerogammarus haemobaphes,0.4879074181605146,0.7297707068005113,0.7132421504244613,0.8593101315574219,0.7638910274493338,0.36706833355429236,0.36706833355429236,0.5917317886917571,0.6600961207408228,0.76268448043612,0.9315038673729075,0.9315038673729075,0.816357203871541,0.7322768567349023,0.9450412805092139,0.6917797136773002,0.6794349081956997,0.6641113551805814
Dipodomys agilis,0.11947252629810325,0.13553639906928183,0.4647067690310925,0.643754136753693,0.23373865001858382,0.14512175645105047,0.1451217564510506,0.9849312700319054,0.9148935105822463,0.878609341264321,0.1503909007130065,0.1503909007130065,0.7715365129292909,0.8457031854158704,0.7972333097314468,0.8953292241841712,0.8265695695524516,0.9818033144718984
Dipodomys deserti,0.12572777189527773,0.15336326804611408,0.5186454363952484,0.7199098785564155,0.24320877753310804,0.13571157028315942,0.13571157028315933,0.9991377459139331,0.9657433855535615,0.9973490157744433,0.07834537619785824,0.07834537619785824,0.6727742809165268,0.9871754962475451,0.9485354304099237,0.9547686129025051,0.952680290652095,0.892959689072387
Dobsonia minor,0.1180681899982248,0.13738743143951218,0.4549402001208679,0.62928484679289,0.22407462015357293,0.13237809135099946,0.13237809135099946,0.8707475330638853,0.8720232429525582,0.8526861795286061,0.13268120824491225,0.13268120824491225,0.8123499121232349,0.9137663296952073,0.8847708413087015,0.8895336137497895,0.817533815114303,0.9973901548352986
Drosophila americana,0.7721010284493267,0.21252587988151128,0.3044928128582779,0.37325033715482825,0.688932203559055,0.4935911689120452,0.4935911689120462,0.7670428014933017,0.5144279002351123,0.46026010145623597,0.20570995462014424,0.20570995462014424,0.3678667332940229,0.3967844186906293,0.26885388330868454,0.5501144414300871,0.5699806201667944,0.45724522482448265
Dryophytes arenicolor,0.47682674147161963,0.400192837771733,0.3919555183214967,0.4893807481628032,0.30805344072910823,0.4839392343236464,0.4839392343236469,0.40291964292400306,0.35425868288704193,0.3565608040084585,0.4794602305761637,0.4794602305761637,0.44682515540523626,0.3822017407916364,0.3379780705196774,0.21869181104747748,0.2896703645952414,0.20073197695028558
Dryophytes cinereus,0.2076074412496827,0.2137419234104207,0.19170639251543717,0.2096089855177636,0.17503247308881026,0.16442279781517494,0.16442279781517488,0.18485882576444207,0.18759091918966272,0.19008133379416303,0.16074260309311345,0.16074260309311345,0.14728390600668165,0.20506991436901695,0.1987324719409026,0.20587746514139427,0.23028748860609932,0.20772369369248989
Echeneis naucrates,0.8022787806615965,0.8039162583620647,0.8138385875410642,0.777939841028928,0.6829795553122198,0.7253227674887928,0.7253227674887928,0.7516812025412768,0.7295927940175517,0.5998912442005334,0.7239571549671227,0.7239571549671227,0.565804608093171,0.6643723476925816,0.6913746333952286,0.8710623991060465,0.7745820182884647,0.8143397936541572
Eciton hamatum,0.5413733878756368,0.6807381028928033,0.767076056188632,0.6604470515532903,0.5009010146934545,0.5766758824438635,0.5766758824438636,0.14094299614405117,0.638780085843466,0.7032065873628781,0.6940427035644005,0.6940427035644005,0.7505068298644405,0.5391972311092386,0.31495977270672876,0.632777614434763,0.6452816372814199,0.647777701209206
Elephantulus edwardii,0.12109300532456536,0.1339209509183677,0.47868684370851466,0.6387870118947635,0.24569543784251852,0.13767451825178123,0.13767451825178145,0.7935936004153392,0.7268146978880294,0.9796019005915934,0.087218750172534,0.087218750172534,0.76046147340284,0.8273214540387995,0.872945425835294,0.7386023629982454,0.9977749953223976,0.9606993837010651
Encoptolophus sordidus,0.5086883760088531,0.2343038479565942,0.3361198692276282,0.4209251183713382,0.45702223474518394,0.345661486262445,0.34566148626244536,0.38097305126147507,0.49115780777854345,0.3585308915245622,0.3189503918174743,0.3189503918174743,0.38614656132402114,0.5187780010542977,0.3340357716384112,0.448512181162135,0.43234499254241526,0.43810395581892586
Engystomops pustulosus,0.30521842251424325,0.3479478790803959,0.2899006154460551,0.2724072665014465,0.3196182824204161,0.13086599646237063,0.13086599646237046,0.20292215850839515,0.3330401206885647,0.3222102819554431,0.2218137898403498,0.2218137898403498,0.1945897871607182,0.3749187876929792,0.3641618676858447,0.45167377775192075,0.4455711128364925,0.47374060724420397
Erythemis simplicicollis,0.8248202043167598,0.462022263534778,0.8129263168437049,0.8136984914690448,0.8504436808075233,0.45685993562944893,0.4568599356294485,0.756322069082503,0.6512457569661761,0.6012737869171907,0.5027210246179141,0.5027210246179141,0.7911340558669204,0.7808514803273334,0.7256675140706582,0.8822854576665579,0.8816352434093282,0.8839579117153487
Eryx colubrinus,0.12762268560136864,0.10752670804802711,0.10969343015193911,0.6533081690824764,0.19662803676926593,0.07509844389692934,0.07509844389692934,0.08536172410507231,0.10761521626514853,0.11778969279893307,0.0667352251567543,0.0667352251567543,0.0789732400061238,0.25469230155955697,0.2223764935829482,0.19234223435447112,0.4207211233698083,0.19785756112703645
Eugenes fulgens,0.01473573883532304,0.012834255628338842,0.01844019270538291,0.2139505230347784,0.013352076387654416,0.02675142974659237,0.026751429746592358,0.016136697437363526,0.8436709755839229,0.9688189392653039,0.015771506687247454,0.015771506687247454,0.01370707659785989,0.617918678803647,0.9052182331077778,0.539777424963895,0.8392903763897965,0.20650315919522907
Eunectes murinus,0.34684419056989546,0.2091768129029555,0.21321654998710107,0.7504995729984728,0.5320036224803997,0.47243515112934514,0.47243515112934503,0.34797353424487487,0.44637916893307544,0.5196284831028576,0.5088409281645858,0.5088409281645858,0.2353313301770229,0.7885420725343393,0.44952180586055795,0.7427419756234386,0.8116148604787654,0.4216253972647156
Fejervarya cancrivora,0.6676066458806605,0.6775411560213391,0.3254681458007894,0.24509072516699695,0.5306153220591114,0.6222417135345609,0.6222417135345609,0.43440014248953707,0.5055875008952997,0.3786614479669781,0.7009724805974272,0.7009724805974272,0.49340311691436595,0.6611142038331673,0.20014966809121876,0.8219414714075753,0.6590928873234486,0.8694067078349065
Fossa fossana,0.12680415666380518,0.23004158613716935,0.8405527247445379,0.8383840948106055,0.2637775166793169,0.5080839095913231,0.5080839095913232,0.9152430715756423,0.8685075547803484,0.9219538133579527,0.41165801482761044,0.41165801482761044,0.46210429412385,0.9428112534673044,0.8435367098619724,0.8644285724604659,0.8938393548485655,0.6315595220091923
Fukomys damarensis,0.18508161311817928,0.23040395596368815,0.4460798078098018,0.5949666203966618,0.21901037537749218,0.2297437506424129,0.2297437506424129,0.2597408661100819,0.5989300405659808,0.27939495084950317,0.3197300664858468,0.3197300664858468,0.3961249791475591,0.5033005302061868,0.5776447635089063,0.9186223906082732,0.7853532788106337,0.8552062492127525
Fulica atra,0.06448754931856239,0.10146182004325742,0.12073618352450066,0.7388968970804151,0.049814489229384376,0.12880257572518267,0.12880257572518267,0.18326134066439742,0.8781716478618866,0.8328812273435958,0.0830545915693931,0.0830545915693931,0.5316590769903277,0.8996774585096035,0.8874679177859713,0.9305213897558431,0.982854547203814,0.8130648175521653
Fundulus grandis,0.3856279934691829,0.40095657815892594,0.3497723389936543,0.39219325659798154,0.3935007553966787,0.3984106164584593,0.39841061645845954,0.36936205623313073,0.4380757281259665,0.4403923794486033,0.3751023346900203,0.3751023346900203,0.4438752308141052,0.5202746188118985,0.5495484278465669,0.3850792027105511,0.4122822078911889,0.38478047314498287
Fundulus heteroclitus,0.4388056713691773,0.41833305051933745,0.4278696750001827,0.4101206388338228,0.4536591957546783,0.3998921318784467,0.3998921318784465,0.4027808518587092,0.42340266776842,0.4246905370213676,0.3866362210670578,0.3866362210670578,0.3757610342391163,0.4111140292252014,0.3704326175578003,0.4470440654749112,0.41437254346255326,0.44196733465662685
Gadus ogac,0.4663332965129731,0.3569219095337337,0.515694409181047,0.5141622655309079,0.31892533444444443,0.45895173101891135,0.45895173101891157,0.5379900890350221,0.9444900125090874,0.7904558668796116,0.44045848731317827,0.44045848731317827,0.46890257415360237,0.7819209469195849,0.8972910016597064,0.4597817605521093,0.4295930478601287,0.7403834992743773
Gasterosteus aculeatus,0.3384272839420684,0.4707360326714717,0.7132043499774428,0.700170945303024,0.6972284937496765,0.5382553766652348,0.5382553766652353,0.7087499863948252,0.6904167009923867,0.6934880935650897,0.5488770814584695,0.5488770814584695,0.6713179403396513,0.6855150598078332,0.6842252083067483,0.6642513651099361,0.7054406548199477,0.6683647143827021
Geomys bursarius,0.1339483061469313,0.17706998957868678,0.46946610338040745,0.6426865164720271,0.20909754266317865,0.1278361216598024,0.1278361216598024,0.6154483318584465,0.986423626921867,0.6241385359294728,0.16151418754116093,0.16151418754116093,0.44633303251066914,0.8179225411145052,0.6835976869242067,0.9252911039971183,0.9461145683818737,0.9274653435375796
Georychus capensis,0.09958029829151929,0.12474972542125891,0.18797660087254556,0.24860888915955875,0.09245326692953484,0.18892686557261998,0.18892686557261998,0.20371705338672222,0.8256253866503588,0.1991078931009503,0.17153131551266587,0.17153131551266587,0.14062792365957164,0.5576987785779741,0.20321458775993792,0.4312444555985257,0.5056055992152111,0.44325530887643483
Geotrupes spiniger,0.3422934720090961,0.22238827371645845,0.319296244230776,0.40561093929461217,0.308942212302316,0.17717201164038016,0.1771720116403798,0.27591660283580893,0.3201282332158856,0.25368598183055896,0.17286677041155124,0.17286677041155124,0.21888055873964862,0.26933198180581897,0.2053640438289162,0.3876795668636563,0.36741981228867393,0.37861207574582073
Gerbilliscus afra,0.06377561702802864,0.07784127389694213,0.24546291960155533,0.33898920955001033,0.11599220459494607,0.07855561640553087,0.07855561640553094,0.4587563879282246,0.47363024111094615,0.493532519446743,0.039600804908753486,0.039600804908753486,0.34933990398764836,0.4490626802200326,0.5055704527173883,0.508169553295209,0.5034102450366787,0.5433440562394971
Gerbillurus vallinus,0.1563685117813077,0.16742356198259897,0.5901427273197973,0.8172161345712506,0.3132748572998335,0.4201444748125982,0.4201444748125982,0.6349363735707841,0.6808910391739175,0.6719692109779997,0.2706746624365172,0.2706746624365172,0.7452600571336354,0.5859849181704175,0.5007184706328406,0.7054151316740951,0.6501893253463777,0.7685260804206105
Globitermes globosus,0.07865779850084713,0.26620227886726006,0.18576798228136887,0.15110145545034448,0.08807012190941943,0.18244393078066717,0.18244393078066753,0.11360127562620823,0.17449669706930865,0.16151329603967196,0.17763469279583363,0.17763469279583363,0.11555933495657494,0.16671482884599492,0.16084988564246988,0.10220321200986111,0.11554801890255734,0.126144083346402
Graphiurus ocularis,0.12508181604915142,0.1439816760974247,0.41422793925845475,0.5668612834560453,0.20968045755475587,0.14536697892672273,0.1453669789267229,0.9485737818848339,0.8396311741653885,0.8901032580572332,0.1511935319385445,0.1511935319385445,0.7797766854862164,0.9129891346473541,0.9905472817036304,0.9438014333286217,0.8587406099748807,0.9628408095927402
Gygis alba,0.07407972369913038,0.08945937323945699,0.17446202505598846,0.999797505045256,0.08819265323254329,0.08258617230239956,0.08258617230239956,0.11547032548324158,0.9417994696274755,0.9434979707134846,0.08226997316588151,0.08226997316588151,0.1359077464930859,0.9739801181927366,0.9582158390292836,0.6044632695000578,0.7930047682416728,0.6244568739777702
Havilanditermes atripennis,0.15291547878538095,0.429464826914888,0.2995626256915477,0.24178039596914988,0.17078810934791602,0.8538215412070709,0.8538215412070709,0.2060066414485169,0.36182947741605154,0.4167930935104144,0.3364568428121939,0.3364568428121939,0.262311894350436,0.2729525263538651,0.3254337591185283,0.21318840248314952,0.2625585984373451,0.2141202034569892
Heloderma suspectum,0.12772204463927755,0.1886857401490211,0.2714550056536064,0.16067020206695298,0.11654789330719746,0.14523237964012922,0.1452323796401293,0.22637075066589926,0.20842241048439092,0.3220858463649466,0.1610344008784197,0.1610344008784197,0.17218411879465462,0.1423981987808367,0.1723013702898248,0.15392030558089007,0.22171000644309277,0.12355709528911296
Hemidactylus platyurus,0.3888398391270078,0.49617907789128873,0.2974081331700315,0.3461135587561501,0.37661628691467863,0.39788592591317307,0.3978859259131723,0.42299926210334,0.4642526098303898,0.48228646459461644,0.8449829499489735,0.8449829499489735,0.5974543268556014,0.5814122207089749,0.9363791787797474,0.5366773517035487,0.5289031238417444,0.5790456932224383
Heteromys anomalus,0.08371862853238826,0.09664247109286894,0.30901174345508925,0.42620076321064115,0.1540432169904163,0.10474959299251026,0.10474959299251026,0.8494614155485589,0.8130949839856672,0.8111312127252593,0.11064193490661858,0.11064193490661858,0.6081618763698777,0.7405203301561593,0.7786629566044759,0.7727022883860587,0.8205158702553506,0.69110381975527
Heteropneustes fossilis,0.5263223647137832,0.516620192206245,0.41195911061851637,0.52517460665307,0.5340480576675989,0.5308365440361376,0.5308365440361374,0.4503062560822508,0.5992026094176367,0.6253021542588202,0.5245069614092125,0.5245069614092125,0.577723229056909,0.6173574737666546,0.6825718761487571,0.5128677578937472,0.5843158723745313,0.5231893683527113
Hipposideros cervinus,0.19127561756773037,0.1676645218996794,0.5586998754102194,0.7641568345477576,0.36387421157430694,0.42443911912735943,0.42443911912735943,0.4891897171386741,0.48857331465245535,0.5512572987548974,0.3317593688624402,0.3317593688624402,0.5352288452831447,0.4116626406310593,0.6448205486406302,0.7097640894341105,0.641730469558539,0.7531656306394511
Hipposideros diadema,0.16068924788843184,0.171112417610769,0.5825220213982483,0.8044340353789066,0.3121878257376642,0.11721215522660179,0.11721215522660186,0.7455818492368562,0.6691488494645126,0.6888592712593945,0.28707918743266975,0.28707918743266975,0.8759228710921566,0.5641127615050558,0.49107749762694636,0.7043718628912423,0.6193446156121365,0.767800516283603
Hydromantes platycephalus,0.6587165230392966,0.9038472867643919,0.728712618008084,0.8786491175836396,0.6902071158953224,0.9071595161925212,0.9071595161925231,0.3717832155227041,0.3462766719595438,0.40161225860286837,0.9185743177316773,0.9185743177316773,0.6296872777541044,0.26595182895286695,0.42194169971344836,0.43987209144468936,0.4088703921719506,0.44720955303581644
Hylarana erythraea,0.05550993208488358,0.05687601972658068,0.08629111966062471,0.07070307629543593,0.12161871764934026,0.057485873448355436,0.057485873448355436,0.08583309852418541,0.09801335771524883,0.07260386245910072,0.05314519366067036,0.05314519366067036,0.11577698715677735,0.14730724385405683,0.05500941650755206,0.15271812147073172,0.1424076847205871,0.15236768161385592
Iguana iguana,0.29314571637735987,0.46440140161731464,0.4459505784062333,0.4267659985088239,0.525706269591465,0.4282564656143514,0.4282564656143514,0.2563666250189133,0.476469506264699,0.5461188159997026,0.414509850157841,0.414509850157841,0.27409398955294473,0.49562301834989286,0.6568601021492115,0.552890423175153,0.5131662975109714,0.48629838289182026
Incilius alvarius,0.4278695973518132,0.3539165111509085,0.5382176144367505,0.47309534612461857,0.32790703843547075,0.3908300064225696,0.3908300064225692,0.4265672384650463,0.5175820816141579,0.394572143620545,0.4709431944566792,0.4709431944566792,0.4458987782373613,0.21205240792747657,0.509107734258752,0.26968772228740356,0.2452883909651733,0.3111447997193694
Labrus bergylta,0.6928672290922484,0.7178609980761017,0.6620392155517132,0.7671441156046266,0.5721950331925674,0.775814547345562,0.7758145473455622,0.6666893626746367,0.6635323690662241,0.8204164397696696,0.7261331411863583,0.7261331411863583,0.549336456801608,0.6411678170584887,0.6987369724924501,0.6705021270225981,0.7155184423471028,0.6149524186084278
Lacerta viridis,0.15691783754938082,0.14666410114662343,0.127786429275317,0.2009121927233767,0.16973031202114422,0.13177824185609505,0.13177824185609505,0.14147068574113217,0.16690156409945073,0.17447408594831215,0.12261674890452784,0.12261674890452784,0.1488653066758726,0.21234509884470215,0.35541029300155885,0.18316576195023612,0.30783253517565196,0.1814150084367775
Lasiurus seminolus,0.14443729328346308,0.1293661065127983,0.3880494904112058,0.5271597024028671,0.2505027701518632,0.1390614702586558,0.1390614702586558,0.9608827281140858,0.6161409582521922,0.8808096013886979,0.13920236313942183,0.13920236313942183,0.5888278036356936,0.7435793670843491,0.6440607463131864,0.9898890909147395,0.9272450318858763,0.9518930616353363
Lepidobatrachus llanensis,0.22878913269912707,0.27079213966744664,0.18848366828920207,0.1467638042907634,0.2526007337465211,0.29111444176471,0.29111444176471063,0.27295371657117173,0.33824764632656645,0.30412851605484914,0.29802899395786747,0.29802899395786747,0.26789216552115624,0.3026275680223379,0.2698485027573068,0.39918898431259947,0.3609270599293296,0.4227362405685307
Lepidogalaxias salamandroides,0.09532414681880771,0.15225935739905883,0.15557185181752914,0.12613549390173345,0.14812447682289778,0.21119866334176932,0.2111986633417691,0.13239269389023287,0.12608289416667479,0.1766811895264637,0.216900325081592,0.216900325081592,0.18157586478510612,0.13527509285295194,0.24268372042230785,0.15263797522415626,0.167107388362379,0.16100902616120885
Lepomis gibbosus,0.4391784942510124,0.4325991171384749,0.43324283162440774,0.3732603699691791,0.5961551845473116,0.41628103261931504,0.4162810326193152,0.5621807326148414,0.6359063053629448,0.4721140765329743,0.4092375136300588,0.4092375136300588,0.6669035716540559,0.6577204959700821,0.4940638963689751,0.468677490098304,0.43344986340167363,0.48539091196556267
Lepus californicus,0.09340783166862693,0.16667085940002738,0.6457787930148288,0.9196831577270211,0.20457726530952322,0.27981932700894846,0.27981932700894846,0.8794830303323374,0.7317238228557922,0.7116671943780091,0.25526824073082005,0.25526824073082005,0.6194898926205082,0.9824865213567064,0.9054572479024628,0.8728476431093386,0.8455191180236626,0.8356634031764091
Libellula auripennis,0.7936402287192708,0.47853452862756635,0.8395538052470515,0.8149315093277469,0.8548634335234498,0.45308205877004415,0.45308205877004415,0.7865732489750982,0.7989312068251806,0.7319774415035072,0.9532493750149605,0.9532493750149605,0.7827759242205254,0.8296341633547302,0.7469779637377392,0.881593244801109,0.8684960089101839,0.8829630536332345
Lichanura trivirgata,0.13709438233322482,0.10477891396969154,0.10686466050665891,0.6454493662266126,0.21094653443702688,0.1262715750795081,0.12627157507950815,0.09896508341848691,0.12634033058210933,0.1181768301576053,0.1305651821160841,0.1305651821160841,0.12135806779455224,0.3547338845968146,0.3837258782003318,0.2417663211434534,0.5470504052900876,0.19799235568710835
Lipolagus ochotensis,0.3239106249506991,0.4148833895601624,0.9493914708277176,0.8090285514694917,0.9783918576378887,0.8153396695671719,0.8153396695671719,0.7925340468456333,0.6272141654767246,0.8584002385033036,0.9646386258817946,0.9646386258817946,0.6440435547131981,0.7252230303075363,0.8933674319898506,0.7578157447874149,0.750041251793502,0.7823408371943394
Lota lota,0.5619540933579088,0.4208173074173417,0.8631646648953204,0.9589397006216676,0.6247911567349635,0.49672410895047653,0.49672410895047653,0.8582032692910266,0.8113823292670419,0.8426414033738026,0.7257398930186854,0.7257398930186854,0.6112110300992022,0.8966276339408235,0.9344618625687828,0.9572976185603816,0.8589775570903128,0.8569256380559502
Loxodontomys micropus,0.07965875460197,0.09069433138558716,0.3197320691680346,0.44388889517033325,0.15972235654381986,0.10387843660808913,0.10387843660808913,0.8277312337230137,0.7847121119508612,0.8504383709041407,0.09247158557462495,0.09247158557462495,0.6474397592156492,0.7766310858408983,0.9050760959392667,0.7615737440566712,0.8605428451948891,0.6931599741809893
Loxosceles laeta,0.3050484655529744,0.5811925334407829,0.5088911559241454,0.41099311925357374,0.41450772092037114,0.5288211148478108,0.5288211148478112,0.44303513958193175,0.5702944932689545,0.48321604042168054,0.5815574056032138,0.5815574056032138,0.693604280699249,0.7807960124067126,0.5792899560388403,0.7782461148834279,0.7480144781170183,0.799979972981507
Macroderma gigas,0.11556243293799652,0.14408113401052688,0.4061012100276902,0.5569504546814515,0.19069597404513916,0.13605188328697587,0.13605188328697587,0.6008247417303137,0.8676570732871914,0.6171109594936125,0.08724120568849833,0.08724120568849833,0.46918298308054446,0.7142840458379782,0.7508472953668028,0.8565862650208061,0.8626977452393072,0.8819786563474659
Macronectes giganteus,0.06311635273037833,0.1237177360318172,0.032201752541193805,0.4719451874746301,0.012802781491794861,0.3467772686919628,0.3467772686919625,0.06383041855395606,0.3621886182572071,0.3779631696205517,0.3775443942718258,0.3775443942718258,0.035776145575360484,0.5315509523053397,0.5078011177367538,0.46609606146583565,0.5075259621415089,0.5318797875758602
Macroscelides proboscideus,0.1051885267999566,0.11266276951073083,0.4302917143355752,0.5649759311214291,0.22617000243833085,0.2777385193133674,0.2777385193133674,0.9337213472918018,0.9330921773395731,0.6282790106812206,0.1817316727562438,0.1817316727562438,0.6069319201582188,0.7460384766056909,0.8981176642568875,0.8304583220330415,0.8802682677987569,0.921667670349051
Macrotis lagotis,0.17754862553221995,0.29018088545258036,0.8595107029118828,0.8361629549020971,0.3065736667739208,0.299275393347826,0.299275393347826,0.4347644325256077,0.8171854275148096,0.9814538856960002,0.2707866540709804,0.2707866540709804,0.5893748622297509,0.8085500839655275,0.7236343332865933,0.8552053036977357,0.8327111164246119,0.5567901038819144
Malurus lamberti,0.0497909674882682,0.04329438915469528,0.09688814942523896,0.7122129438299895,0.0666771534530929,0.056930735845143667,0.056930735845143667,0.5269419234485533,0.9493201362443532,0.9771888803381473,0.053802344403542,0.053802344403542,0.45476427960699317,0.7338396052775612,0.9289085467262845,0.9596171338335009,0.9971016415910176,0.9263898921238695
Manis javanica,0.1673375436676301,0.3291917722404642,0.8106989677251214,0.8916800834077068,0.24605467039513193,0.8800036241682466,0.8800036241682471,0.570744820928928,0.9696000641786935,0.9224145775115601,0.8388451562955168,0.8388451562955168,0.6871437036143357,0.955109535337955,0.8290099356884989,0.7979420451427278,0.8508994563992587,0.5814003413932938
Manorina flavigula,0.052044229017380754,0.05614154503560211,0.12570528336439124,0.8171168529694381,0.06989535199702043,0.06392934824351233,0.0639293482435124,0.18883110426455169,0.7375150931280102,0.6211447621145938,0.07714660285960823,0.07714660285960823,0.5679249155092576,0.7115873320306243,0.834989416047993,0.8411964176405166,0.9418276251979665,0.8828208371194265
Martes americana,0.09383022443546425,0.153878921208598,0.2981233482559851,0.4022059930358743,0.11144006294705398,0.08576926621674026,0.08576926621674026,0.1015304332463479,0.5923546620908319,0.18457594570255667,0.1403033523712152,0.1403033523712152,0.15809040326426582,0.6884504348534367,0.2914426959734719,0.43741866351778236,0.5731995430086015,0.7244215471539182
Melanonus zugmayeri,0.11773127992041542,0.1129711916225005,0.39521281836671024,0.42235301445175977,0.5383549027651976,0.11442359924538702,0.11442359924538702,0.7199125249007481,0.7890581187708378,0.8822272971587068,0.10684849966182769,0.10684849966182769,0.5259356511483972,0.6730127975552831,0.8742079245346553,0.32136062126770015,0.5229512803313109,0.3028495212724204
Menidia menidia,0.3911569431947346,0.26055689002456495,0.46794272698190054,0.32169132164186487,0.4301787222203538,0.2620621718053793,0.262062171805379,0.5721121893141796,0.4584687949174568,0.464171324150785,0.31340728259042794,0.31340728259042794,0.37927819123743667,0.6682322092577959,0.6033987936510391,0.36574451706600486,0.3397177255399828,0.3577592370528243
Menippe mercenaria,0.3071851312946858,0.5932213200716704,0.5816834568109005,0.6391129716690841,0.4803112074860458,0.6035225491608688,0.6035225491608707,0.3451441791578267,0.5483013995791423,0.5300046937600172,0.47587485174076255,0.47587485174076255,0.4672963628776141,0.4316138094459358,0.36985190999650186,0.6507018048374279,0.590927378795039,0.5837973536148707
Mesocricetus auratus,0.12337769748591718,0.15282215579923547,0.5026039375350494,0.6966655899948845,0.23290742190075014,0.1398054474697425,0.13980544746974258,0.9469632568185217,0.9551065608062242,0.9718431254625609,0.14882655929141111,0.14882655929141111,0.8493695645636318,0.949742277899611,0.9646753977045949,0.9823233627302623,0.9774306726671932,0.9161585456515433
Micaelamys namaquensis,0.15580069687889694,0.17882242714970467,0.5638094047951174,0.7766460128766618,0.2831308936295545,0.18651638836139325,0.18651638836139345,0.7609544899430442,0.6837648963145455,0.6929797587977241,0.1889878702820509,0.1889878702820509,0.8461898408168943,0.7268411553229395,0.651850439934102,0.7150849528515391,0.6472441152346972,0.7878348610126327
Micropterus salmoides,0.5378941620981974,0.5357138082085617,0.4821452376383026,0.5041955467443244,0.4524562499279137,0.51636848916823,0.5163684891682299,0.5062842382252202,0.49781692319649873,0.4864749994292218,0.46738588102520007,0.46738588102520007,0.5226023357961089,0.51758460397737,0.49412492891223553,0.47302299185297786,0.4939753458488464,0.48206408028479086
Microstomus kitt,0.5510027875505307,0.523024539114231,0.5176414091902876,0.5167509465492871,0.59065274170941,0.4918693990106375,0.49186939901063775,0.5211919232755599,0.5180186910525569,0.5184036466221417,0.534237857369509,0.534237857369509,0.5190118506399963,0.5188306332308392,0.522960632554207,0.5350282112140513,0.5285587974332153,0.5141597836938017
Microtus montanus,0.07486925545887546,0.08309884445452527,0.3053756390536641,0.4247979956433309,0.15567190824657998,0.10705360862291902,0.10705360862291902,0.7464631447776783,0.9026280783924719,0.8380010198464786,0.11713474216161945,0.11713474216161945,0.786224658240675,0.9178381947350681,0.8868236144103531,0.7221285585587848,0.783475799595201,0.6568435128497633
Mimas tiliae,0.49922926951142277,0.2868505709844408,0.4117243023538437,0.5203624864171867,0.44984901372270225,0.20743344762754706,0.20743344762754706,0.35689479212891834,0.3873048279081863,0.33854652985763795,0.29584460743041785,0.29584460743041785,0.33002211908546597,0.39171626686439515,0.3237319205397653,0.5165986302891461,0.4795395285281492,0.5049878719729608
Morone americana,0.555166832182527,0.6122902168781746,0.4575102527857251,0.531315903196781,0.2871520709193963,0.6399533099396297,0.63995330993963,0.5872665229663777,0.5603740954884312,0.6762272758335088,0.6258230549003444,0.6258230549003444,0.3322209973481478,0.49738432135564764,0.601890263177892,0.4538053058724685,0.49966523444735145,0.43741005419525886
Morone saxatilis,0.4834962307952348,0.5213740739297245,0.5610083124282508,0.60654441439698,0.4066179587306626,0.528467573386195,0.528467573386195,0.5757264869805345,0.5565409346215793,0.5918759472058086,0.5151404438611694,0.5151404438611694,0.4564176853088911,0.5063480401891715,0.5120813623504125,0.5047304245354243,0.5211407230309382,0.5061024168183788
Mugil cephalus,0.61821171094782,0.6171776462446438,0.5622338097747226,0.6907256439388676,0.68809219841719,0.5753695295545039,0.5753695295545038,0.557505448333999,0.6741984503434882,0.654739892037853,0.5445299898295923,0.5445299898295923,0.49434951273750694,0.6371747313880228,0.650009068923209,0.6500309402371139,0.7293425560790027,0.6598206183692952
Mugil curema,0.571753927850893,0.6000495969427955,0.6006715153992032,0.5431021105564114,0.4474345657419441,0.5902189968142786,0.5902189968142786,0.599957925840228,0.5885874168995315,0.5865758409109845,0.5691927398493266,0.5691927398493266,0.5912327418092934,0.6052757221056236,0.5997064900934156,0.550061918323583,0.5897103962799616,0.5696459903316603
Munidopsis verrilli,0.023617519669378813,0.02834138513268427,0.12341310110428183,0.10993058891635733,0.13131534992247282,0.038195963736144915,0.03819596373614496,0.15815305079013234,0.09343745146623673,0.09746738758196682,0.02826093752853937,0.02826093752853937,0.16457254211743846,0.24782461670386668,0.13412838880375347,0.09385194652735916,0.15071548687975558,0.09968011480775238
Mus musculus,0.09129611149329019,0.09537608430100138,0.3269448889206583,0.4513656396122275,0.1784173596027899,0.11006653840514444,0.11006653840514444,0.48353488602919403,0.9178498158355677,0.8884894020014452,0.09918131423227301,0.09918131423227301,0.5521370503261951,0.9848224825514568,0.9098134217710949,0.7804785589902034,0.8543457207359355,0.7330212353684772
Musca domestica,0.16356622840171964,0.06470016311191525,0.09278069900275249,0.1154574525566467,0.14665505271871573,0.10835377759377546,0.10835377759377568,0.11598508658919776,0.18795880150647093,0.09851284656197472,0.08659515752094736,0.08659515752094736,0.09378614547620649,0.16425163334622367,0.08859835281362657,0.12682975328621218,0.1182345796192936,0.12610231525905627
Myocastor coypus,0.06177048184896703,0.12190492249290248,0.3536721607845407,0.4952082452815828,0.10494863595252943,0.4136904269166274,0.4136904269166274,0.2984392258135386,0.4087256018467296,0.3795736852408728,0.432016717338498,0.432016717338498,0.398552689751159,0.36524966522599456,0.32867968993091473,0.5146861212507474,0.48491266215362955,0.7070174976892589
Myotomys unisulcatus,0.1011134444064985,0.12176325488421055,0.26628314613269094,0.3595234739288485,0.1323267317121889,0.18322905690900945,0.18322905690900945,0.42418342311404267,0.8721932454918282,0.4669496463224845,0.17862002327806975,0.17862002327806975,0.2794943071921494,0.7618384140107042,0.3613292124545219,0.7149306512918582,0.7093675123780703,0.6649353849913736
Myrmica rubra,0.4684067766285862,0.672988319416891,0.6220743320132727,0.627708150179126,0.5248083949708062,0.6869923355575611,0.6869923355575605,0.5637629424668482,0.828081097635353,0.8644011752718884,0.6664322332347592,0.6664322332347592,0.7009498507118399,0.8582244928034762,0.6978141598560503,0.7093604974068708,0.7460046515693795,0.672769739272078
Mystromys albicaudatus,0.08361144963061454,0.1003831765118253,0.20954352326556475,0.28168454056581077,0.10513868568777943,0.11740562289148568,0.11740562289148573,0.3922446942345619,0.7309690819053543,0.3920183392743302,0.15030486643910168,0.15030486643910168,0.411807471671762,0.6333632244089311,0.36531482597687764,0.5752230063294729,0.5627282398805731,0.5338434258673846
Nandinia binotata,0.2147319001891352,0.42307344081893006,0.6695650860886073,0.4714237825241511,0.4337170430587148,0.6918594085607822,0.6918594085607825,0.6081319442986973,0.6806660463712887,0.7317026097170968,0.6595005949631572,0.6595005949631572,0.26514598420433144,0.5779497323385435,0.5311939479613204,0.4938261315042108,0.5454415771890241,0.3591244867271409
Nasutitermes longinasus,0.06661011756688959,0.2164405776949447,0.15102691327497134,0.12263603194081085,0.07454031703889988,0.22227999165198403,0.2222799916519836,0.13680620970303883,0.22247972679044756,0.2443369247898124,0.19032288513839316,0.19032288513839316,0.12381357316775884,0.1786230309064231,0.1723391631883606,0.11531362941328367,0.13901065728541406,0.10370750373859322
Naultinus manukanus,0.9351947679695982,0.8018374862572725,0.8680317742317272,0.9292528618261316,0.8472040854086018,0.8258270290216922,0.8258270290216922,0.8809678027302469,0.8404294126573632,0.8544902941029959,0.6462453454219491,0.6462453454219491,0.8436010882079007,0.7103000064895125,0.9804927592802377,0.663244680064588,0.950278096669879,0.6089977587695655
Necturus maculosus,0.2338647874472012,0.1906654119946007,0.2271709167256935,0.18205347854598686,0.4087580181161762,0.180719312921172,0.180719312921172,0.1898916829873214,0.27040789397787857,0.18119299004118172,0.1806629095979008,0.1806629095979008,0.34247339070254285,0.6768769940966897,0.20119401063733566,0.5101655807442735,0.5523050550300179,0.4584921578287232
Neomys fodiens,0.06276922748708509,0.05860492233660629,0.2137881646479467,0.2951158492739131,0.12942019907868024,0.04944877772288877,0.04944877772288877,0.7521158967576183,0.7273284869665702,0.6637404410006722,0.04281205009608451,0.04281205009608451,0.38758723558395425,0.7137594997254214,0.5061804039428371,0.512850825084049,0.5656058137580072,0.4834375848820978
Neophema pulchella,0.05358241158834292,0.057597761526243595,0.06847527293465955,0.5787324818201018,0.04118079254521026,0.1008770034445432,0.10087700344454315,0.09195095703326113,0.8457674411414018,0.640425639549634,0.09064914540950737,0.09064914540950737,0.3561552150304999,0.9360318867861649,0.9634258023694003,0.8680453051454026,0.944050449078994,0.7745857804079355
Neopomacentrus bankieri,0.18507504763984972,0.15497682667897295,0.3345249083698588,0.21751355281158896,0.23988470223102326,0.1582095427134227,0.1582095427134224,0.5437126802435466,0.30893833381728586,0.3828859853240192,0.1639923402378914,0.1639923402378914,0.3109378509717566,0.30736463351245397,0.3185686187178701,0.230969846934567,0.22251176228943326,0.22461894898315032
Neotoma fuscipes,0.12014067732262372,0.15771474940220784,0.5260666995046206,0.7316957704724535,0.22978514825061397,0.1433623864545231,0.143362386454523,0.8017235241438964,0.8742799660669377,0.8821985340448718,0.12375924719564343,0.12375924719564343,0.9671015923559998,0.8872285658381798,0.7904953825797935,0.9958104771551376,0.9752073025846865,0.8938506192633666
Nerodia rhombifer,0.943067733741055,0.7827035939821347,0.37569056089754127,0.582436185393184,0.8392113937770929,0.7778427960705726,0.777842796070573,0.6300855440097181,0.6912012038746486,0.512546562171759,0.7889737632462379,0.7889737632462379,0.3883995510288867,0.5242515500136932,0.3907626675822144,0.8746711223045284,0.7777030173254309,0.9201710214087677
Niphargus krameri,0.0696690881250812,0.18050002357783654,0.4137599726447509,0.36305715576634734,0.22191360952084796,0.19050266557923554,0.19050266557923515,0.2525303156152767,0.4575979737529558,0.37257710113222187,0.24439383919770744,0.24439383919770744,0.36700430593550354,0.6541412915115293,0.39388328543174594,0.3354415601600394,0.36628614603558124,0.340442829344298
Niphargus rhenorhodanensis,0.0759656864600161,0.20032726451961125,0.42255136578723346,0.3687947385007508,0.22490216687495868,0.16322322049458224,0.1632232204945819,0.29789233885576893,0.5197496165440791,0.4067269645996468,0.24056664261071842,0.24056664261071842,0.3324756123032314,0.6248107862594638,0.3595179790180886,0.35481148687974806,0.37261680004122305,0.3564448003039146
Notiosorex crawfordi,0.07659407825756256,0.061073199596655386,0.21812450021209545,0.2986807668101328,0.15473111756597444,0.1201461390888487,0.12014613908884858,0.27848599855253553,0.27816171257976646,0.2437220992030788,0.054218995354839296,0.054218995354839296,0.5093426157043273,0.5393231443710227,0.47777904413942535,0.5495822671712296,0.6171281083692638,0.5189637348606958
Notoryctes caurinus,0.23148827458261778,0.24373692195585897,0.518806657143519,0.69197790260574,0.29722917293356843,0.30880403118420985,0.30880403118421007,0.2232230538748608,0.43260648275903935,0.49857697321022065,0.28470754031357687,0.28470754031357687,0.4085722361930413,0.43822712527120344,0.6487235018837201,0.6824876952235688,0.547167866999082,0.7267408027514966
Occidozyga martensii,0.5750234508180493,0.6463902660351469,0.21701888076109682,0.1598779793387182,0.3336500779575095,0.46443818104379164,0.46443818104379164,0.1282073765014795,0.25458118653822553,0.10491124572039157,0.36874721002853184,0.36874721002853184,0.16110136910938738,0.3451987075008774,0.13370933427065113,0.6048888017200109,0.5019423499091074,0.6407486190095155
Ocreatus underwoodii,0.011141295376545436,0.008442034238449433,0.012125320109679474,0.2033348397590377,0.010076403545702776,0.006885229095083755,0.006885229095083755,0.014235727348487237,0.8422042963358176,0.9003919776096424,0.005623991927681807,0.005623991927681807,0.009505438033932057,0.71078325248691,0.9919775603397372,0.3757490432989518,0.5699823573687472,0.14108764915129654
Octopus bimaculoides,0.15790679268703386,0.11046523340496607,0.38614604395192015,0.3310142185740766,0.7190289908170158,0.14385827277363017,0.14385827277363028,0.352069699155076,0.8263459895093668,0.3393648082585405,0.15035518567731077,0.15035518567731077,0.49363754287092027,0.89515775577501,0.4355060053350745,0.7982116225508396,0.8648537625003127,0.6337716512507778
Octopus rubescens,0.2620953001625244,0.5332556929589602,0.5350556528446122,0.5970967523233541,0.826055238912151,0.8062170061129449,0.8062170061129449,0.5860651886022039,0.681459036069758,0.4375762426524181,0.8973739532041787,0.8973739532041787,0.4331540327342341,0.8860094091775029,0.37014563519468907,0.5450651270607866,0.7432354706126909,0.4372460206923814
Onymacris rugatipennis,0.41772562254157547,0.6799690741313769,0.47366035229858555,0.37373334895749355,0.46316591805581414,0.527238750958406,0.5272387509584062,0.5907133560160122,0.4735226958182068,0.5208478827363663,0.6576838772839548,0.6576838772839548,0.6499006911712298,0.5247924135359963,0.6210879775266233,0.38431907681086075,0.44043176431781206,0.3933478335845733
Ophiodon elongatus,0.5543159363957485,0.30868738044482413,0.5863566047453193,0.47642861503491923,0.6841741643571128,0.2670451045777354,0.26704510457773534,0.47806516031669744,0.48347470517390045,0.36169737782872036,0.3030238712511516,0.3030238712511516,0.49984285628141567,0.45621983139061906,0.3743007370868963,0.7734132018969458,0.7166677596519412,0.6477631029331002
Oreochromis aureus,0.7405931981154911,0.475534102274496,0.30658868072256373,0.467262472919595,0.759077546618536,0.8185833171420347,0.8185833171420347,0.42808966925409186,0.5495260877795304,0.5355667088606244,0.790347916515048,0.790347916515048,0.6591663735757413,0.5538226299172175,0.5985740622399449,0.5979165894650149,0.5091844881278224,0.4802834844716427
Oreotrochilus estella,0.01650213949119819,0.01455927761985696,0.020919358750739248,0.2345805804116134,0.014955187002801629,0.022165401844961352,0.02216540184496133,0.015862592821895484,0.8862902067426309,0.8853519225106501,0.027250720725308382,0.027250720725308382,0.019685097815571602,0.7018015922383092,0.8853782507750426,0.6074449962283224,0.8864702105018945,0.23343660763458307
Ornithodoros moubata,0.03576170427656929,0.09411972092036838,0.06564041442424408,0.052836352184301924,0.03990689689159147,0.06943574119515658,0.06943574119515658,0.046048323690242206,0.0894653966290716,0.05310249881155525,0.11455368973061786,0.11455368973061786,0.08930950878250773,0.26586996157085097,0.11080065294062559,0.10763587248398827,0.14854539179129977,0.10761179321450752
Orycteropus afer,0.18507378713608066,0.49909576761360996,0.6949846834834561,0.9472023953685023,0.3137918162077227,0.7310849966064605,0.7310849966064602,0.3646546475416987,0.8648875754775883,0.9590005540243809,0.9010243996049876,0.9010243996049876,0.5764318778060743,0.9995922806152343,0.4095300475867491,0.7147753461188364,0.8141413195568287,0.37786610124570064
Otospermophilus beecheyi,0.13423083053949772,0.20500755616157793,0.36893148479363663,0.4936045264453014,0.14926507454051274,0.07312862376510293,0.0731286237651029,0.21621824018996305,0.9780725573933393,0.29592776346764177,0.11768058092408011,0.11768058092408011,0.13727291337673955,0.92160138723561,0.5322581480782081,0.700443401839904,0.9090896240461052,0.9385933983898751
Otus scops,0.03867603661052875,0.036075336126428395,0.09323882122847628,0.7669813096069303,0.05885054427397524,0.02770986507119681,0.027709865071196865,0.24872820019548847,0.6071356528904617,0.5265181600453024,0.02972144427719849,0.02972144427719849,0.1715522668323905,0.5906010026936982,0.5553987384603039,0.8578651182409515,0.6595497148645535,0.8305964165894455
Palaemon adspersus,0.7562199185484199,0.8198893253522535,0.8125411057678882,0.8218375958860838,0.8526972224667193,0.7419678399880626,0.741967839988063,0.6971332748629839,0.5687349799863294,0.647868820293596,0.7641554716777088,0.7641554716777088,0.8433229418465598,0.5372839761598172,0.6688395419701765,0.6734229995574228,0.6120735012327301,0.6514288064592282
Pantala flavescens,0.5226443842444459,0.3025600713920512,0.5323984331166388,0.6840776410343328,0.562656047044243,0.2872522859028292,0.2872522859028292,0.564864728413872,0.5112098490772616,0.4569479262246289,0.29660783306080607,0.29660783306080607,0.43417651963832304,0.47950418579236487,0.43900959489912517,0.6175862785724899,0.5838422825536975,0.6035105768386391
Panthera leo,0.11455195977715626,0.3388872047117314,0.8066111708233362,0.5569938194861572,0.23985037561404596,0.7316382316946234,0.7316382316946226,0.6475734083773386,0.7640862632988892,0.8128710311011059,0.4021910770007888,0.4021910770007888,0.8806120192581179,0.6350070824070448,0.6431243882480416,0.5980008720988021,0.7099100045943056,0.4898349191637425
Pardalotus punctatus,0.04149247290689009,0.03607865762891267,0.08074012452103232,0.8546555325959889,0.05556429454424396,0.04744227987095298,0.04744227987095298,0.43911826954046024,0.8778211917321359,0.8143240669484545,0.04483528700295159,0.04483528700295159,0.37897023300582694,0.8806075263330752,0.8971102012896913,0.7996809448612492,0.8309180346591797,0.7719915767698897
Passer montanus,0.08464970725664756,0.08173981638452009,0.21127932989682108,0.6544614512075415,0.12886490083488514,0.16228025115094047,0.16228025115094072,0.5790375203197252,0.8594046818856084,0.9789083853157295,0.13205431128404868,0.13205431128404868,0.7113514661805672,0.8066405234149532,0.7769527648931822,0.5201333255662587,0.6979007618930063,0.5363963045240709
Pedetes capensis,0.14679242662844044,0.2669100713382867,0.8484233628402301,0.8390240386116916,0.27006787309181657,0.25761819080478693,0.25761819080478693,0.8808713434163358,0.9466752089512148,0.9823189407103996,0.4703186358984627,0.4703186358984627,0.4767897132392549,0.933242382310382,0.8419588276397567,0.8152830775042494,0.8634109454152001,0.5956533681726672
Perameles gunnii,0.12984998997561834,0.20709641371144316,0.6264914861595918,0.8721732912178743,0.22835801223464167,0.18071315127024096,0.180713151270241,0.8831468272943686,0.9424995097222849,0.9031128252247623,0.21805112920079628,0.21805112920079628,0.8046804348754422,0.8215278127933732,0.9071779134386339,0.9834730307812958,0.9855750010512638,0.7645265892479906
Perca fluviatilis,0.6957540183304362,0.6866637624728822,0.7637530802125935,0.719745376826159,0.6488687082611005,0.6455458580672686,0.6455458580672682,0.6362738677567656,0.6718275568144487,0.6434614971693929,0.6568563407589307,0.6568563407589307,0.7124821782038304,0.6958509804867289,0.6630484858248284,0.7504790613658391,0.7381246692109532,0.7403054044552251
Periplaneta americana,0.6027073414730949,0.7018223458786927,0.6190193795674084,0.5961335636811526,0.6311042772947676,0.7706721671009639,0.7706721671009623,0.5790511693566097,0.5555184552498519,0.5946352272548824,0.766183692825706,0.766183692825706,0.5934179127385948,0.5028673851404301,0.5566973480148485,0.5894449684566453,0.5221255961089054,0.5964022608138113
Perognathus longimembris,0.19259814414832216,0.169491497454818,0.46410667154038626,0.6259488975167316,0.30802035668904215,0.30746796599648984,0.3074679659964898,0.6608205748459997,0.6107758973128135,0.8136846552341996,0.3000794097311086,0.3000794097311086,0.6696324891393477,0.5511617234331236,0.9065903658735304,0.7995272683230461,0.7085530231189179,0.8476224516568931
Peromyscus eremicus,0.10815311613328404,0.10726176997811264,0.3575313735283505,0.49152491546252886,0.20608489607096553,0.2176182978018808,0.2176182978018808,0.9757549056827286,0.834497920848429,0.8166782886177996,0.19714970142337618,0.19714970142337618,0.6630844771788723,0.8829454317930144,0.8249833454028466,0.8702982697410623,0.9724158090143491,0.8212926390804431
Petaurus breviceps,0.15061401768955845,0.18828892349094242,0.619261659719822,0.8586955691016225,0.28435807059694196,0.24505419009866933,0.2450541900986695,0.9134474182092984,0.8783378493218416,0.8891122931920149,0.23418973546534863,0.23418973546534863,0.6206426348647699,0.7972322321281428,0.9537408023402467,0.8077597500495697,0.7953171810852513,0.7454611895557357
Petrodromus tetradactylus,0.1066720477439871,0.14184214621767516,0.3669189575595858,0.5174562623034046,0.16308486343722856,0.17797808727368572,0.17797808727368575,0.4612449237520101,0.8561769711552224,0.3678903389412632,0.18698270647910106,0.18698270647910106,0.846186518257769,0.5918480963153823,0.4485675384869408,0.8373796252225053,0.5149858788476672,0.8515826280611869
Petrosaurus mearnsi,0.2146202492379713,0.22878862446133164,0.23353384073735445,0.5003879478209242,0.3317045982337457,0.18580898140196095,0.18580898140196067,0.33158303313159865,0.328776297495445,0.33943584036576735,0.14486285935286242,0.14486285935286242,0.23154831322488398,0.43120643482508064,0.4796333250977716,0.3632477704480993,0.45705276562607033,0.3948414908726122
Phascolarctos cinereus,0.19183092776860916,0.38336937209878724,0.829094737594687,0.5883291649870389,0.35011157128037,0.8815904874894163,0.8815904874894172,0.9089507713798254,0.8242739380472758,0.9009693112738321,0.801529302769888,0.801529302769888,0.3910329353319297,0.8069832663692136,0.7088549758433754,0.5891018993051387,0.6636460562033878,0.42841175004959764
Philaenus spumarius,0.5159391631889065,0.16752347831491401,0.24011385872487262,0.2963604939853662,0.4613791940518355,0.3268124816762383,0.3268124816762383,0.4589097664209572,0.34414640287630577,0.3235570664222145,0.29926189671933073,0.29926189671933073,0.34810631416036975,0.32216204782042535,0.32073864706609306,0.3418773998753148,0.2856828966078264,0.3445564493858442
Phyllostomus elongatus,0.13155775218244595,0.13929459568776245,0.4360238861716681,0.598305720024655,0.2373447286536676,0.172294687898967,0.17229468789896682,0.87672456266577,0.8615746533624836,0.8838933833456347,0.17280879338225508,0.17280879338225508,0.9840593384368055,0.7808777525805772,0.6653265132139888,0.8999593761170673,0.8900458805233773,0.9938756779382913
Phyllostomus hastatus,0.13782223008389047,0.16316891617122167,0.47614765869547754,0.6530323158763801,0.2340241599876158,0.2344575956818405,0.2344575956818405,0.9604973975272051,0.8317014882807604,0.8816589955971289,0.2674318805195051,0.2674318805195051,0.7256917922551426,0.9030887292433543,0.952149718594229,0.8336901437167219,0.831614102606989,0.9151592895643973
Pimelia grandis,0.9130387643578334,0.6695574936084611,0.9616101668276243,0.8145182294661003,0.8254094790141417,0.5781122240663863,0.5781122240663857,0.9097054783784447,0.9518102846091878,0.9488674945487892,0.631672337927782,0.631672337927782,0.6914193306612253,0.9555809335278644,0.8140261964552257,0.8788753851425172,0.8091665512090419,0.9066960749938308
Pimephales promelas,0.5513221284512907,0.48133363433566495,0.48836058025739776,0.4745115816860292,0.4903336820748579,0.4576432149631797,0.4576432149631795,0.5144308974968518,0.5522062577612903,0.4910490204917152,0.462863640865246,0.462863640865246,0.48590981121964755,0.5666352256467115,0.5182909996189251,0.48489212445348345,0.5112976280898024,0.478087209249128
Plethodon dorsalis,0.08947309356583097,0.14094403465567962,0.0981724245878457,0.0773556167082805,0.09916265356054892,0.11416130722625906,0.11416130722625928,0.13682034665845438,0.2636433666684609,0.1278934110526438,0.118005155439896,0.118005155439896,0.12298232370669505,0.2583450298227221,0.1764407345996773,0.19741423903947405,0.25584767361140126,0.20353634540228024
Pomoxis annularis,0.3810366634056868,0.43863736613220805,0.5969256986739033,0.6653449522978526,0.5035277212573983,0.5432479077906385,0.5432479077906384,0.5670469048488828,0.5090818265263954,0.6044879556319039,0.4893428320197432,0.4893428320197432,0.4985023589507439,0.47780081442433764,0.5389653181702785,0.5078183382725141,0.5061469854074031,0.5035912805646363
Priodontes maximus,0.3589233605876915,0.9603774927590538,0.385002809390382,0.5004118794673285,0.5751737927865062,0.36029802864288535,0.3602980286428851,0.6408499135444305,0.4918181087863596,0.5065478387803306,0.4440486625272206,0.4440486625272206,0.26813621992046144,0.4863353181509146,0.8616018863343691,0.3881356262212296,0.4398778706168287,0.2041598086247722
Protophormia terraenovae,0.5460188905704565,0.22538621771824188,0.3232400082685811,0.40295655480536346,0.48984422697208857,0.1825072786026328,0.1825072786026328,0.2766145886393934,0.5074471136198067,0.2032482823509465,0.20695697220774667,0.20695697220774667,0.2363003406649222,0.5213171983132509,0.22139527804297993,0.4452072670075697,0.4250454131944741,0.43421086275516807
Pseudochaenichthys georgianus,0.19594315921408256,0.18424078957076384,0.9366255723176653,0.8353412913623979,0.8031645338711128,0.13806529167665335,0.13806529167665332,0.8774879962657247,0.9130422042483569,0.680123523284712,0.13031965483782798,0.13031965483782798,0.9583338988048885,0.8532012260161218,0.9034842800023253,0.5622176415660662,0.5911206646478602,0.631376742525968
Pseudoeurycea gadovii,0.26574573630099213,0.36117610066228,0.548349767740969,0.4546003168504732,0.5844293174366337,0.34656393055294304,0.34656393055294366,0.5906968021309993,0.5828638584067463,0.5103373271407929,0.334116031665351,0.334116031665351,0.5505352515282547,0.5683859806585808,0.5331124870368112,0.5239368251714737,0.5430423163831065,0.5279609719545153
Pteronotus davyi,0.12192920581114937,0.10861781634496578,0.4215784260141102,0.5834594468435557,0.2653838197132859,0.12725927196868647,0.12725927196868633,0.693907044583605,0.5423798563527068,0.8022140822314682,0.12478114443829134,0.12478114443829134,0.7918914790082578,0.48739070336670337,0.868919193744556,0.9976556924380787,0.8889484911252116,0.9444827154020722
Pteronotus quadridens,0.19323658894998302,0.15818982609880636,0.3588857399194325,0.4759231424370521,0.26173306142023567,0.21419188131595351,0.21419188131595351,0.38148818150235625,0.6575305653698894,0.4416956502851635,0.16073311900946136,0.16073311900946136,0.3862804764424739,0.916404835302982,0.9173559992963362,0.9477905590428002,0.847384102181423,0.9971168283786215
Pteropus scapulatus,0.11998474016257239,0.17163796138958723,0.5888218306492139,0.8235838048676077,0.2354680798885085,0.12438127963027942,0.12438127963027938,0.7177883631375029,0.8289072490430963,0.827635549530533,0.12548848154129466,0.12548848154129466,0.9547887963716739,0.9703254911989719,0.8717275650347034,0.9209712321897218,0.9962312334362554,0.8258721054619027
Pycnonotus finlaysoni,0.10100172732831,0.10282249902036232,0.26580792023669686,0.6331734130247687,0.1538665447484533,0.09992934738006451,0.09992934738006451,0.5618991356097824,0.9565015811194646,0.9860109518882871,0.0981103099942368,0.0981103099942368,0.5656321456664567,0.9810114447509712,0.8865984615612333,0.4202936882929892,0.6339940957146167,0.43260011974200174
Pycnonotus goiavier,0.09885629558803213,0.10173891801707477,0.26301377003661486,0.666311532187882,0.150620038027783,0.11119244145700646,0.11119244145700646,0.5417212504683647,0.9963568678254876,0.9079881326851155,0.14265395312037293,0.14265395312037293,0.5187433208036429,0.997836097579051,0.9158730412519681,0.4260661934764633,0.6426486916143805,0.43850550474142547
Rana arvalis,0.14327495108397434,0.14893447274036442,0.5211274517458736,0.4541335274634037,0.6558593320279077,0.21947812295431185,0.21947812295431185,0.9186441923608129,0.8785281668395155,0.8383876074860125,0.1753202375401885,0.1753202375401885,0.6997391783090723,0.4368438271499747,0.5962974114833269,0.7892720942967196,0.985310833537219,0.6797418202935088
Rana temporaria,0.05110990752773679,0.047703270356448606,0.07235782140584823,0.0590574587412648,0.1118392530084379,0.01970436693815826,0.01970436693815826,0.04297614274186636,0.06648642853177984,0.034064487961790096,0.029640222215992565,0.029640222215992565,0.1004349537079953,0.11274709822200493,0.03822199618716922,0.12572326005460724,0.11041502953498958,0.13108540239343772
Rhinella marina,0.08287514903609462,0.08316767590464376,0.1228339201793438,0.12973481786172647,0.1421092193814563,0.08074040484912662,0.08074040484912659,0.0943955729434453,0.10625705768671817,0.09530462983237256,0.09407113533250626,0.09407113533250626,0.13346625685218597,0.18875861308046793,0.0964763481971094,0.15801760424014738,0.16998876007412875,0.14214062039579364
Rhinonicteris aurantia,0.10512402061040724,0.0921256922928806,0.26282568355926145,0.35564445162171066,0.1742412246830704,0.21326372788411774,0.21326372788411768,0.575129052802042,0.9068103289492679,0.7636490432765703,0.16991120083540834,0.16991120083540834,0.6146802128419722,0.8701221748941177,0.6585362387181957,0.6990081972105224,0.782798767392564,0.659087362217589
Rhodeus amarus,0.35398962524450345,0.5555650963486938,0.7786063155747799,0.9475017141370166,0.7266334762661452,0.6322936120583735,0.6322936120583749,0.498449643788988,0.4487605828149872,0.5370514701102919,0.47698640977769613,0.47698640977769613,0.7091835616078507,0.4817562327915285,0.4536199390431836,0.7130469618126603,0.8591663128470606,0.7231743605943056
Rutilus rutilus,0.6638733330316913,0.6775211184894123,0.755190591704384,0.7125377706103926,0.6304676551981262,0.5983647691803454,0.5983647691803458,0.6620443769413357,0.6937804002176496,0.6898627491810184,0.5682626429090211,0.5682626429090211,0.6129809276512925,0.681449553137258,0.698994711966442,0.7449959828721133,0.7212365061427879,0.7394057743095754
Sagamichthys abei,0.07064326554903289,0.0846176992973167,0.29618376424394816,0.3104054917372555,0.3239907517544721,0.10337514352223572,0.10337514352223572,0.27503451355433073,0.2150824362116104,0.24237282908289395,0.08543325462007577,0.08543325462007577,0.36866037877109936,0.26776737198676726,0.3454571047508944,0.22538377845034147,0.3510843524424159,0.21353534763277182
Salvadora hexalepis,0.8623701912579561,0.7532806799859713,0.3617174884686012,0.6039546522267849,0.6840433216988692,0.6486894510108373,0.6486894510108366,0.6701273264753077,0.7918671124245106,0.9596325808413934,0.7004531172269383,0.7004531172269383,0.5058969515635486,0.8749640604161524,0.5679498250237991,0.7946236671450605,0.7766922601103468,0.8458597439175561
Salvelinus namaycush,0.5270481199950694,0.5525478406547729,0.4609448557529959,0.492514429081774,0.44578405584715536,0.5339868920569606,0.5339868920569606,0.47197779005020846,0.4743308977172201,0.5284725998241643,0.5748715493144335,0.5748715493144335,0.4677942599034306,0.48424321996330694,0.5683645827368569,0.4660922754114592,0.49137265986731193,0.45436675535173393
Sarda chiliensis,0.04114417796361411,0.07574247394000207,0.08677127506294391,0.05941487244753752,0.030789710695673524,0.14038360754358373,0.14038360754358373,0.1401328124675118,0.20508694571179203,0.20322628993849498,0.12273047463272027,0.12273047463272027,0.055396613763739055,0.0941945924168559,0.0728870996851919,0.05085122135989525,0.0758364935568106,0.05896459267295639
Sauromalus ater,0.2880896413406977,0.22577530604546772,0.23028382483679052,0.453607639936624,0.4434306772734401,0.2652782017638995,0.2652782017638995,0.23900162403045608,0.3136282080366474,0.28678214177326933,0.3152486692593447,0.3152486692593447,0.23621066834049761,0.899175113036605,0.8766923586752476,0.45533665914863747,0.9027091718291871,0.4237226193008621
Sauromalus hispidus,0.43434075727302907,0.3318303545805952,0.3293156958770733,0.37974379583656176,0.45409516134922967,0.4084022549931663,0.4084022549931663,0.3436124475352047,0.3572827800965633,0.30664318519176686,0.3842154387351893,0.3842154387351893,0.40063079874868146,0.5707423565412652,0.43631463889783756,0.4321502676667091,0.477907643042301,0.4295243961113746
Scaphiopus couchii,0.2762543631667801,0.273635982107193,0.27898499224490075,0.25065881375654525,0.3757473683598473,0.207440768861354,0.20744076886135387,0.3700805058177096,0.3105484626743049,0.24544313629717252,0.19860566769203186,0.19860566769203186,0.33887395035194323,0.2896527668390551,0.25487468880675407,0.44786629316804905,0.26058897008774495,0.48792350485144553
Scelotes gronovii,0.6603013876670819,0.9790861490510421,0.37912349050668626,0.48413690400195336,0.43582575023302433,0.9805481167791299,0.9805481167791299,0.4932837429090105,0.6797617790025848,0.6216563840739809,0.852988738046006,0.852988738046006,0.11523196185909515,0.43831071939009963,0.7949902876523628,0.7985966055811333,0.9012066573934103,0.8282037990749713
Scincella lateralis,0.3410395809683682,0.5119803202572125,0.523039034105069,0.8438389402615681,0.529504129102778,0.5090395118112268,0.5090395118112272,0.4491282735103216,0.46638505557443,0.44680411998030484,0.4256442252949561,0.4256442252949561,0.37465258303479293,0.576466670425836,0.6746425590551554,0.762522523271746,0.8064308438603659,0.80485469454988
Scophthalmus rhombus,0.9071731464815711,0.7831040917130547,0.8643821592262891,0.845817166195538,0.6420304309341435,0.8707560591252573,0.8707560591252568,0.8124981916316721,0.8758582726235661,0.9262379069776924,0.8463661139245521,0.8463661139245521,0.790869775031263,0.8575266910639039,0.8951492646849477,0.9072021320280649,0.8915699340360125,0.924540504117037
Scorpaena porcus,0.5166115034335393,0.504738593944119,0.5720247741523182,0.4592245452046755,0.7862262338038111,0.44219790523889985,0.4421979052388991,0.516958638917474,0.560780794553672,0.5130144406148992,0.4761359402443947,0.4761359402443947,0.45641191205723514,0.5411320072116202,0.36600347192316246,0.5938827361662508,0.4650711964061481,0.6476608539690009
Scotinomys teguina,0.07205579824818356,0.06625525608938972,0.24168716715035954,0.33341629682890916,0.1485373517010359,0.06226634955385123,0.062266349553851165,0.918439860423527,0.9361221315071724,0.8018358351010915,0.0717237833333917,0.0717237833333917,0.46281551097767754,0.8820594964510646,0.6555615976117419,0.582218394704904,0.6421089580346856,0.5488267559361775
Sigmodon hispidus,0.1202343492824449,0.15373546528608667,0.5690728028070478,0.7966874108814859,0.2520013824515336,0.13811814542329842,0.13811814542329842,0.8825295315735281,0.8926029927424914,0.9332986931327325,0.12374095753729135,0.12374095753729135,0.875839139327895,0.7940451428759181,0.9757872685488226,0.9420378766735644,0.8810927812321058,0.8514894650753573
Solenopsis invicta,0.24665375381069943,0.7880978673603173,0.5498925770413216,0.4462087897726923,0.27595691836153646,0.7687338938263905,0.7687338938263905,0.4916653887050419,0.8053878497410869,0.782834228227069,0.34380261103454685,0.34380261103454685,0.29556206621364983,0.3193641900755688,0.3207814911498812,0.4320229132339901,0.5084881510001857,0.3793524744840928
Sorex coronatus,0.035470822055592294,0.031465683461386916,0.11240995341314891,0.15460773669411781,0.07175821063289765,0.044638548250388925,0.044638548250388925,0.4486382977274916,0.4269969344516626,0.34729039614481766,0.05622238105134961,0.05622238105134961,0.3469643740954779,0.47588098602440154,0.28844993365059146,0.2756302394960049,0.3073079384845293,0.25971770815405554
Sorex minutus,0.030243646129758037,0.023520761351213483,0.0893940108500343,0.12283874830908129,0.0645210465038257,0.030171832549154155,0.030171832549154187,0.10462309009847433,0.0852700433921524,0.059208166133921124,0.012033615901807848,0.012033615901807848,0.11507121533687566,0.20316762465116076,0.1395125751397615,0.22213771214979025,0.24249126133124368,0.20943696935967687
Spea bombifrons,0.754781690097168,0.8099812354643733,0.8136520897629397,0.991132748685455,0.604339260481852,0.8847543465260226,0.8847543465260226,0.7883008218877052,0.72429328201482,0.8186987739403395,0.9766828037923305,0.9766828037923305,0.44084324629919797,0.432258993909962,0.744142932331633,0.4656296210992772,0.46998624982491755,0.4667005514701198
Spinachia spinachia,0.7355632018687179,0.8470031273524082,0.7971567556202596,0.8698711697912198,0.7419459626012694,0.8456239701382509,0.8456239701382505,0.6074324356910974,0.683307691634867,0.7393602419000233,0.8023549237214824,0.8023549237214824,0.7271407561130593,0.7580628849425322,0.8306193724545816,0.8359330100461798,0.886027163616842,0.7975557747891073
Spinibarbus sinensis,0.2517515357834238,0.21737572328111354,0.3123176794229019,0.2189284225052075,0.22808611957996924,0.17876645046474338,0.17876645046474338,0.25792646060280483,0.21180223804974946,0.2069881836389684,0.21281637251052982,0.21281637251052982,0.15150743629226676,0.15291450382498262,0.14803115750773613,0.24759489770884682,0.23285055813650102,0.24086035674019945
Stereomastis sculpta,0.025863510038615325,0.026934783266779658,0.11724717142022692,0.10382514537037321,0.14353153304801522,0.04956748234444191,0.04956748234444186,0.17774179613808944,0.20337995945470191,0.17577982146120155,0.05614587164707724,0.05614587164707724,0.27269877968060335,0.571083046601355,0.19257587102734297,0.09384739314961847,0.1469359903347732,0.09846443123447239
Sthenoteuthis oualaniensis,0.8024550855215845,0.5103799914570053,0.5606373398238288,0.6566056845202635,0.2740219793196544,0.4001653649866547,0.4001653649866547,0.5067081844129291,0.44590204273712614,0.516885236443533,0.6205837480186116,0.6205837480186116,0.3786876163244157,0.14211597678804933,0.44681582069373055,0.17319681513983926,0.13538764825311503,0.33275812946718464
Stomias atriventer,0.20133670118908722,0.22632482839050724,0.517740502311239,0.5913219369211912,0.6342033611029967,0.16261676148445794,0.16261676148445794,0.38374926315275865,0.4128536272178075,0.3962226085374653,0.12911185933616223,0.12911185933616223,0.3577006874845615,0.5379982821693876,0.5984355764148624,0.44620992810253746,0.5484059064969388,0.44223538796295714
Strepera graculina,0.07610780324728533,0.10655572483264551,0.23873949494853314,0.5885179720325779,0.10256890247120229,0.10788686877167149,0.10788686877167149,0.3052900490431095,0.47317003098309224,0.3793529307316346,0.1350118642305494,0.1350118642305494,0.8843730685381567,0.6439917961907773,0.7546541137879732,0.5758466119591632,0.7143637951850048,0.49939323754730347
Tachyglossus aculeatus,0.37098859355145525,0.6880910973852694,0.8090223000429979,0.6081147191178045,0.415576800894165,0.7833270122809323,0.7833270122809323,0.7257947752265825,0.39004156102384824,0.898506989103621,0.8995039282709529,0.8995039282709529,0.6002043580809917,0.4819259039548941,0.5674998756011131,0.5634402803670886,0.5132969238250846,0.34490596381608346
Taricha granulosa,0.11128684245175854,0.1308932064293722,0.19865581114896141,0.1637051057479163,0.24427157565044824,0.08551651945106552,0.08551651945106552,0.12831983555445223,0.14535972384166346,0.12014078632006049,0.09974865444311752,0.09974865444311752,0.16606485974069138,0.22648878701707117,0.13467003940163066,0.3394637276237779,0.34172640327690607,0.33771546533433927
Thamnophis proximus,0.9950287356812269,0.9663660899648249,0.4641484297218691,0.7735347125926878,0.7981983092195698,0.9432211610472594,0.9432211610472594,0.9730591899652414,0.8941130616249467,0.9271827651978342,0.9983277437038854,0.9983277437038854,0.9070997174192252,0.9623335815614906,0.8931392839859316,0.852229648389709,0.8856410153811114,0.9459888786925688
Thorichthys meeki,0.3885090542449581,0.4824643038229416,0.33586338673366856,0.47589417487619956,0.4291728361841206,0.47448295376480926,0.4744829537648096,0.4573862368455289,0.46559424239727887,0.4768812734491982,0.47330573578532964,0.47330573578532964,0.4691761038034794,0.4871871231148104,0.5294207446268647,0.41550246726426293,0.4560422801590128,0.42654163487663066
Thrichomys apereoides,0.12926392645477155,0.18219747826481827,0.651634731277386,0.9136586022628563,0.26312419024844425,0.11316519350337084,0.11316519350337073,0.8005786835397105,0.9851626182395204,0.9622347004916151,0.12608120712659482,0.12608120712659482,0.9085098127647093,0.9010763090158387,0.8220296904901748,0.8579765387169102,0.8548159264949425,0.7544022235028534
Tinca tinca,0.6144651051648912,0.5603833398971322,0.689256273894566,0.7556241894151886,0.6750007846215361,0.5519300101049439,0.5519300101049437,0.677187608712254,0.6055310574026828,0.6469981260267194,0.5364610517036809,0.5364610517036809,0.7296159818154115,0.7169803875773284,0.769102093654748,0.7336031518985545,0.7195034838919653,0.7089188818411359
Tramea carolina,0.5345496927287554,0.31439010383055555,0.5532376279045678,0.7113215843712417,0.575595272384592,0.3709675159935766,0.3709675159935766,0.5452250788934959,0.5278115220461901,0.49884514310164574,0.3665168686779481,0.3665168686779481,0.4616096743603284,0.613665023700205,0.5226414460356357,0.6392842583417875,0.6271398026777291,0.6244084029803513
Trematomus hansoni,0.45545641284689475,0.3585135998501647,0.47340098179738704,0.5289972004238288,0.3039087511632198,0.41983638955735986,0.41983638955735963,0.4334255621582928,0.8144268523325215,0.8091686463054641,0.46638332908354785,0.46638332908354785,0.4152426785770204,0.5596079970220849,0.49811392513563807,0.4847945870416756,0.5108992869833999,0.705073732775422
Tribolium castaneum,0.6130047971112285,0.4968531283366791,0.7120349034905594,0.8764965655746769,0.6860805007039981,0.7345283461112592,0.7345283461112592,0.9624991922366763,0.6526267106550205,0.6263738000789137,0.6062571786924811,0.6062571786924811,0.9319221829441686,0.6459671790311462,0.6695205735593835,0.974846210736063,0.8124004437205986,0.9616440947666454
Triturus cristatus,0.25449244173673236,0.29681825067933626,0.6790627111426135,0.576419180302363,0.8020363266881717,0.1965468329071627,0.1965468329071627,0.3805632533212619,0.5066743189721832,0.38456204978400826,0.15380639221042386,0.15380639221042386,0.3867272955774339,0.9571652689359521,0.5196845733682625,0.9873930174666099,0.8914875548762317,0.9991019243500784
Trochilus scitulus,0.009704902703199928,0.007738319637003114,0.011115965600839751,0.16289264041954812,0.00878327535060329,0.015223195011257623,0.015223195011257608,0.008432436281738044,0.5393950961651856,0.5684874653681459,0.0068698532126014655,0.0068698532126014655,0.007270602054070208,0.6000054900126405,0.6556276961470117,0.3394710962961052,0.5311002661709919,0.12754198523580343
Varanus bengalensis,0.9023915121850338,0.5784466157055972,0.2774127286888403,0.3911935521136363,0.8729945043150089,0.6134365305829577,0.6134365305829577,0.6255019900329933,0.7022820084627545,0.4740392540586999,0.31889789232830856,0.31889789232830856,0.5936493228302462,0.8394070817676885,0.5138760826494199,0.6793376195698431,0.3833212587695212,0.7473920483042866
Varanus giganteus,0.8607381963652296,0.46838421724209744,0.31476700473189423,0.4961965097172684,0.913330879557853,0.24972160178985386,0.24972160178985386,0.28983488705306903,0.6959698923098705,0.3501757054085503,0.2856407053401528,0.2856407053401528,0.45302934468875733,0.9343123193625704,0.5256282101341725,0.6829795091926834,0.49680099458555504,0.7430025507025086
Varanus mertensi,0.666080940937495,0.5346299714830752,0.17923476335138194,0.23833788618783708,0.49575551844833743,0.6666561886169191,0.6666561886169191,0.3135308238521311,0.622877246535859,0.44578694952279,0.6650152792271223,0.6650152792271223,0.21781168836040307,0.46988606217973167,0.2675185181105588,0.4786995150424297,0.4463856399206576,0.5233866430227865
Varanus rosenbergi,0.5190068500855173,0.3380956057038007,0.21742141488359035,0.22131596869221057,0.32959605602635245,0.26748738692448043,0.26748738692448043,0.24992566094166385,0.4709780736436133,0.3004846616657381,0.3520717378741267,0.3520717378741267,0.2451075495685463,0.3054707241328085,0.22944009333683985,0.2788404046988389,0.2176296845496769,0.3356173363864161
Varanus tristis,0.036716373380614564,0.04462028940070069,0.13300337451231464,0.09260302681727184,0.06354212246177793,0.04876258863454781,0.04876258863454781,0.2570618995563109,0.0467566186521664,0.16893026772748318,0.040481853350329416,0.040481853350329416,0.1188660049982764,0.04887260600166078,0.07019392225177577,0.05850793527563101,0.0539447690136748,0.04921719023566577
Vulpes lagopus,0.11907859336872906,0.22947573218997538,0.12361864702271176,0.15290859515214508,0.04584207536723117,0.8489563623999381,0.8489563623999372,0.3832329776823492,0.7128456371899164,0.45011520024412643,0.39992541263879045,0.39992541263879045,0.17481732924446655,0.6372526019923085,0.18811271199728224,0.320951161550349,0.33447424464971154,0.4542547135291472
Xenodon merremii,0.5784326278064992,0.38756515346368153,0.39515223779679226,0.7457094583389744,0.8884701728274641,0.5159399087587316,0.5159399087587317,0.44352484004850334,0.4445089442613338,0.30876505280559136,0.6444235962746465,0.6444235962746465,0.5250074031927001,0.9476194584951879,0.8223127648857526,0.6799114168673388,0.7683558979310702,0.7590998036252399
Xerus inauris,0.12223078722744463,0.18304670430622644,0.5382512288532171,0.7458331045842881,0.2095021732476506,0.16499461709794075,0.16499461709794075,0.4281018981308139,0.7442524695389914,0.6870403205189565,0.18878152957697014,0.18878152957697014,0.4823049462226436,0.6785960529222069,0.5590044133547057,0.975133187305885,0.9551899930302211,0.8658027386801305
Xerus princeps,0.12408080533149306,0.19060736736850242,0.6141775312737784,0.8576494366109971,0.23060183398662054,0.3970788492924445,0.39707884929244447,0.9785648051576296,0.9020091274017775,0.9660030423671957,0.27227969565328125,0.27227969565328125,0.9639005076663488,0.8929224368524489,0.8945465825517003,0.943311591304943,0.946886173180508,0.7894989180812901
Zoarces viviparus,0.14517798360616477,0.261154220511049,0.7756575651243024,0.7351032175604075,0.6694506670311063,0.2242273914622677,0.22422739146226786,0.7060690214069792,0.5405362952566113,0.4992561945570649,0.2363064703643555,0.2363064703643555,0.7152526010042406,0.6827883181765785,0.7483648782346537,0.5211254728331457,0.5814410143842424,0.5898841254878838
Zygoballus rufipes,0.18803199512677674,0.5997467770673984,0.6138371480237327,0.5121953488957108,0.29489202450748786,0.7815302574719968,0.7815302574719951,0.1913922711471284,0.6826299668501495,0.5098502299200212,0.2647435287340302,0.2647435287340302,0.2219934681914799,0.3915513386181528,0.26820525972853304,0.8861858216796419,0.7876137542875024,0.8322817558478417
